Day,Time,Price
2026-05-09,03:00,101.37
2026-05-09,03:15,118.75
2026-05-09,03:30,99.96
2026-05-09,03:45,106.15
2026-05-09,04:00,111.11
2026-05-09,04:15,114.4
2026-05-09,04:30,121.59
2026-05-09,04:45,121.43
2026-05-09,05:00,121.13
2026-05-09,05:15,120.0
2026-05-09,05:30,100.96
2026-05-09,05:45,94.18
2026-05-09,06:00,110.46
2026-05-09,06:15,119.97
2026-05-09,06:30,119.9
2026-05-09,06:45,99.91
2026-05-09,07:00,101.02
2026-05-09,07:15,88.68
2026-05-09,07:30,85.17
2026-05-09,07:45,89.07
2026-05-09,08:00,124.0
2026-05-09,08:15,122.28
2026-05-09,08:30,118.2
2026-05-09,08:45,103.2
2026-05-09,09:00,125.21
2026-05-09,09:15,114.81
2026-05-09,09:30,59.49
2026-05-09,09:45,54.28
2026-05-09,10:00,84.32
2026-05-09,10:15,63.77
2026-05-09,10:30,34.89
2026-05-09,10:45,15.71
2026-05-09,11:00,31.72
2026-05-09,11:15,14.79
2026-05-09,11:30,8.04
2026-05-09,11:45,5.68
2026-05-09,12:00,8.89
2026-05-09,12:15,8.36
2026-05-09,12:30,6.97
2026-05-09,12:45,6.96
2026-05-09,13:00,6.09
2026-05-09,13:15,6.98
2026-05-09,13:30,7.03
2026-05-09,13:45,6.64
2026-05-09,14:00,7.01
2026-05-09,14:15,6.71
2026-05-09,14:30,5.76
2026-05-09,14:45,5.69
2026-05-09,15:00,6.05
2026-05-09,15:15,6.56
2026-05-09,15:30,5.92
2026-05-09,15:45,6.97
2026-05-09,16:00,5.93
2026-05-09,16:15,7.01
2026-05-09,16:30,6.69
2026-05-09,16:45,7.39
2026-05-09,17:00,4.92
2026-05-09,17:15,9.96
2026-05-09,17:30,26.54
2026-05-09,17:45,62.97
2026-05-09,18:00,21.75
2026-05-09,18:15,88.51
2026-05-09,18:30,113.1
2026-05-09,18:45,116.69
2026-05-09,19:00,109.59
2026-05-09,19:15,125.02
2026-05-09,19:30,121.89
2026-05-09,19:45,133.72
2026-05-09,20:00,126.43
2026-05-09,20:15,129.45
2026-05-09,20:30,138.87
2026-05-09,20:45,153.63
2026-05-09,21:00,140.73
2026-05-09,21:15,144.37
2026-05-09,21:30,146.84
2026-05-09,21:45,146.57
2026-05-09,22:00,152.06
2026-05-09,22:15,147.4
2026-05-09,22:30,140.03
2026-05-09,22:45,131.02
2026-05-09,23:00,144.37
2026-05-09,23:15,139.09
2026-05-09,23:30,132.54
2026-05-09,23:45,127.92
2026-05-10,00:00,131.96
2026-05-10,00:15,126.54
2026-05-10,00:30,125.39
2026-05-10,00:45,121.96
2026-05-10,01:00,132.21
2026-05-10,01:15,126.34
2026-05-10,01:30,124.87
2026-05-10,01:45,124.35
2026-05-10,02:00,126.42
2026-05-10,02:15,125.36
2026-05-10,02:30,123.57
2026-05-10,02:45,121.94
2026-05-10,03:00,130.59
2026-05-10,03:15,123.78
2026-05-10,03:30,123.16
2026-05-10,03:45,122.07
2026-05-10,04:00,126.19
2026-05-10,04:15,124.19
2026-05-10,04:30,124.17
2026-05-10,04:45,123.7
2026-05-10,05:00,122.79
2026-05-10,05:15,127.57
2026-05-10,05:30,126.4
2026-05-10,05:45,123.91
2026-05-10,06:00,124.7
2026-05-10,06:15,127.3
2026-05-10,06:30,125.47
2026-05-10,06:45,116.89
2026-05-10,07:00,129.39
2026-05-10,07:15,118.17
2026-05-10,07:30,105.99
2026-05-10,07:45,98.8
2026-05-10,08:00,121.28
2026-05-10,08:15,101.42
2026-05-10,08:30,93.93
2026-05-10,08:45,81.06
2026-05-10,09:00,89.12
2026-05-10,09:15,85.72
2026-05-10,09:30,52.16
2026-05-10,09:45,13.58
2026-05-10,10:00,48.98
2026-05-10,10:15,23.8
2026-05-10,10:30,22.48
2026-05-10,10:45,20.01
2026-05-10,11:00,26.94
2026-05-10,11:15,23.22
2026-05-10,11:30,19.22
2026-05-10,11:45,17.55
2026-05-10,12:00,20.23
2026-05-10,12:15,18.01
2026-05-10,12:30,15.53
2026-05-10,12:45,12.22
2026-05-10,13:00,15.82
2026-05-10,13:15,14.01
2026-05-10,13:30,12.08
2026-05-10,13:45,10.78
2026-05-10,14:00,11.01
2026-05-10,14:15,11.14
2026-05-10,14:30,11.07
2026-05-10,14:45,14.99
2026-05-10,15:00,10.0
2026-05-10,15:15,11.73
2026-05-10,15:30,16.69
2026-05-10,15:45,19.26
2026-05-10,16:00,16.19
2026-05-10,16:15,17.6
2026-05-10,16:30,22.33
2026-05-10,16:45,31.58
2026-05-10,17:00,16.32
2026-05-10,17:15,22.29
2026-05-10,17:30,30.83
2026-05-10,17:45,54.74
2026-05-10,18:00,10.56
2026-05-10,18:15,52.36
2026-05-10,18:30,93.45
2026-05-10,18:45,106.0
2026-05-10,19:00,92.07
2026-05-10,19:15,105.61
2026-05-10,19:30,124.06
2026-05-10,19:45,128.89
2026-05-10,20:00,114.79
2026-05-10,20:15,124.79
2026-05-10,20:30,127.57
2026-05-10,20:45,129.5
2026-05-10,21:00,128.71
2026-05-10,21:15,129.06
2026-05-10,21:30,129.4
2026-05-10,21:45,130.7
2026-05-10,22:00,131.71
2026-05-10,22:15,129.35
2026-05-10,22:30,127.78
2026-05-10,22:45,126.72
2026-05-10,23:00,127.3
2026-05-10,23:15,125.39
2026-05-10,23:30,123.81
2026-05-10,23:45,121.31
2026-05-11,00:00,124.5
2026-05-11,00:15,121.2
2026-05-11,00:30,120.76
2026-05-11,00:45,113.38
2026-05-11,01:00,122.1
2026-05-11,01:15,118.05
2026-05-11,01:30,115.79
2026-05-11,01:45,113.22
2026-05-11,02:00,115.62
2026-05-11,02:15,113.08
2026-05-11,02:30,105.29
2026-05-11,02:45,102.82
2026-05-11,03:00,107.05
2026-05-11,03:15,105.57
2026-05-11,03:30,105.73
2026-05-11,03:45,106.22
2026-05-11,04:00,105.99
2026-05-11,04:15,108.14
2026-05-11,04:30,109.89
2026-05-11,04:45,111.58
2026-05-11,05:00,104.83
2026-05-11,05:15,105.56
2026-05-11,05:30,112.48
2026-05-11,05:45,116.49
2026-05-11,06:00,115.61
2026-05-11,06:15,116.97
2026-05-11,06:30,120.84
2026-05-11,06:45,123.71
2026-05-11,07:00,124.19
2026-05-11,07:15,132.34
2026-05-11,07:30,137.71
2026-05-11,07:45,142.01
2026-05-11,08:00,150.49
2026-05-11,08:15,144.03
2026-05-11,08:30,142.22
2026-05-11,08:45,137.43
2026-05-11,09:00,162.49
2026-05-11,09:15,145.69
2026-05-11,09:30,131.65
2026-05-11,09:45,120.48
2026-05-11,10:00,126.13
2026-05-11,10:15,101.29
2026-05-11,10:30,88.49
2026-05-11,10:45,83.96
2026-05-11,11:00,100.11
2026-05-11,11:15,93.73
2026-05-11,11:30,81.08
2026-05-11,11:45,69.02
2026-05-11,12:00,93.16
2026-05-11,12:15,87.88
2026-05-11,12:30,76.58
2026-05-11,12:45,55.0
2026-05-11,13:00,61.67
2026-05-11,13:15,48.42
2026-05-11,13:30,40.26
2026-05-11,13:45,49.63
2026-05-11,14:00,50.01
2026-05-11,14:15,68.0
2026-05-11,14:30,66.0
2026-05-11,14:45,71.99
2026-05-11,15:00,70.22
2026-05-11,15:15,86.22
2026-05-11,15:30,85.93
2026-05-11,15:45,88.27
2026-05-11,16:00,71.33
2026-05-11,16:15,85.2
2026-05-11,16:30,90.23
2026-05-11,16:45,97.34
2026-05-11,17:00,85.02
2026-05-11,17:15,91.39
2026-05-11,17:30,107.22
2026-05-11,17:45,114.85
2026-05-11,18:00,103.23
2026-05-11,18:15,114.47
2026-05-11,18:30,122.14
2026-05-11,18:45,124.61
2026-05-11,19:00,121.8
2026-05-11,19:15,123.01
2026-05-11,19:30,123.14
2026-05-11,19:45,125.36
2026-05-11,20:00,123.69
2026-05-11,20:15,125.93
2026-05-11,20:30,128.56
2026-05-11,20:45,134.2
2026-05-11,21:00,126.9
2026-05-11,21:15,125.11
2026-05-11,21:30,129.89
2026-05-11,21:45,130.02
2026-05-11,22:00,131.46
2026-05-11,22:15,126.74
2026-05-11,22:30,123.94
2026-05-11,22:45,118.29
2026-05-11,23:00,123.18
2026-05-11,23:15,118.48
2026-05-11,23:30,117.46
2026-05-11,23:45,107.9
2026-05-12,00:00,112.54
2026-05-12,00:15,104.87
2026-05-12,00:30,101.51
2026-05-12,00:45,94.73
2026-05-12,01:00,102.8
2026-05-12,01:15,97.84
2026-05-12,01:30,92.63
2026-05-12,01:45,90.12
2026-05-12,02:00,94.65
2026-05-12,02:15,90.16
2026-05-12,02:30,89.93
2026-05-12,02:45,87.97
2026-05-12,03:00,89.35
2026-05-12,03:15,88.82
2026-05-12,03:30,88.96
2026-05-12,03:45,88.86
2026-05-12,04:00,89.57
2026-05-12,04:15,88.42
2026-05-12,04:30,87.99
2026-05-12,04:45,84.11
2026-05-12,05:00,81.94
2026-05-12,05:15,86.01
2026-05-12,05:30,91.08
2026-05-12,05:45,98.55
2026-05-12,06:00,85.29
2026-05-12,06:15,89.87
2026-05-12,06:30,96.92
2026-05-12,06:45,103.08
2026-05-12,07:00,100.2
2026-05-12,07:15,109.06
2026-05-12,07:30,114.4
2026-05-12,07:45,119.93
2026-05-12,08:00,124.48
2026-05-12,08:15,125.83
2026-05-12,08:30,124.34
2026-05-12,08:45,119.83
2026-05-12,09:00,127.34
2026-05-12,09:15,121.91
2026-05-12,09:30,113.02
2026-05-12,09:45,107.84
2026-05-12,10:00,119.52
2026-05-12,10:15,113.71
2026-05-12,10:30,109.43
2026-05-12,10:45,108.28
2026-05-12,11:00,112.35
2026-05-12,11:15,107.46
2026-05-12,11:30,97.08
2026-05-12,11:45,93.83
2026-05-12,12:00,96.22
2026-05-12,12:15,96.05
2026-05-12,12:30,93.93
2026-05-12,12:45,92.99
2026-05-12,13:00,93.54
2026-05-12,13:15,91.34
2026-05-12,13:30,90.96
2026-05-12,13:45,91.12
2026-05-12,14:00,93.44
2026-05-12,14:15,91.57
2026-05-12,14:30,90.11
2026-05-12,14:45,92.85
2026-05-12,15:00,88.56
2026-05-12,15:15,88.79
2026-05-12,15:30,91.23
2026-05-12,15:45,95.78
2026-05-12,16:00,77.22
2026-05-12,16:15,81.63
2026-05-12,16:30,90.61
2026-05-12,16:45,95.26
2026-05-12,17:00,83.19
2026-05-12,17:15,93.01
2026-05-12,17:30,99.98
2026-05-12,17:45,103.35
2026-05-12,18:00,109.06
2026-05-12,18:15,112.08
2026-05-12,18:30,114.64
2026-05-12,18:45,119.36
2026-05-12,19:00,113.29
2026-05-12,19:15,116.73
2026-05-12,19:30,123.71
2026-05-12,19:45,128.95
2026-05-12,20:00,123.96
2026-05-12,20:15,129.94
2026-05-12,20:30,138.75
2026-05-12,20:45,150.41
2026-05-12,21:00,135.98
2026-05-12,21:15,139.84
2026-05-12,21:30,143.21
2026-05-12,21:45,141.53
2026-05-12,22:00,147.97
2026-05-12,22:15,143.61
2026-05-12,22:30,135.95
2026-05-12,22:45,128.95
2026-05-12,23:00,134.68
2026-05-12,23:15,129.36
2026-05-12,23:30,126.44
2026-05-12,23:45,122.41
2026-05-13,00:00,123.38
2026-05-13,00:15,118.15
2026-05-13,00:30,113.05
2026-05-13,00:45,110.37
2026-05-13,01:00,122.9
2026-05-13,01:15,114.84
2026-05-13,01:30,109.97
2026-05-13,01:45,105.04
2026-05-13,02:00,110.4
2026-05-13,02:15,104.53
2026-05-13,02:30,104.6
2026-05-13,02:45,103.61
2026-05-13,03:00,102.56
2026-05-13,03:15,103.36
2026-05-13,03:30,103.38
2026-05-13,03:45,106.88
2026-05-13,04:00,102.18
2026-05-13,04:15,106.23
2026-05-13,04:30,109.25
2026-05-13,04:45,109.9
2026-05-13,05:00,103.73
2026-05-13,05:15,108.33
2026-05-13,05:30,109.8
2026-05-13,05:45,116.42
2026-05-13,06:00,110.65
2026-05-13,06:15,115.72
2026-05-13,06:30,121.59
2026-05-13,06:45,126.03
2026-05-13,07:00,131.64
2026-05-13,07:15,139.02
2026-05-13,07:30,141.66
2026-05-13,07:45,138.91
2026-05-13,08:00,146.12
2026-05-13,08:15,144.53
2026-05-13,08:30,141.96
2026-05-13,08:45,133.32
2026-05-13,09:00,143.87
2026-05-13,09:15,132.16
2026-05-13,09:30,121.49
2026-05-13,09:45,108.33
2026-05-13,10:00,124.68
2026-05-13,10:15,105.6
2026-05-13,10:30,103.38
2026-05-13,10:45,99.66
2026-05-13,11:00,106.11
2026-05-13,11:15,102.85
2026-05-13,11:30,100.91
2026-05-13,11:45,97.21
2026-05-13,12:00,102.36
2026-05-13,12:15,99.57
2026-05-13,12:30,93.97
2026-05-13,12:45,91.29
2026-05-13,13:00,92.11
2026-05-13,13:15,84.17
2026-05-13,13:30,82.37
2026-05-13,13:45,77.68
2026-05-13,14:00,88.47
2026-05-13,14:15,86.78
2026-05-13,14:30,81.82
2026-05-13,14:45,77.71
2026-05-13,15:00,78.86
2026-05-13,15:15,76.17
2026-05-13,15:30,77.9
2026-05-13,15:45,81.73
2026-05-13,16:00,72.83
2026-05-13,16:15,80.23
2026-05-13,16:30,86.16
2026-05-13,16:45,96.13
2026-05-13,17:00,76.79
2026-05-13,17:15,89.17
2026-05-13,17:30,96.15
2026-05-13,17:45,110.0
2026-05-13,18:00,94.7
2026-05-13,18:15,106.61
2026-05-13,18:30,121.09
2026-05-13,18:45,131.62
2026-05-13,19:00,116.9
2026-05-13,19:15,130.07
2026-05-13,19:30,135.76
2026-05-13,19:45,148.25
2026-05-13,20:00,133.63
2026-05-13,20:15,144.92
2026-05-13,20:30,153.56
2026-05-13,20:45,174.18
2026-05-13,21:00,164.29
2026-05-13,21:15,166.67
2026-05-13,21:30,174.75
2026-05-13,21:45,172.9
2026-05-13,22:00,180.96
2026-05-13,22:15,161.7
2026-05-13,22:30,152.85
2026-05-13,22:45,144.99
2026-05-13,23:00,153.41
2026-05-13,23:15,146.13
2026-05-13,23:30,136.19
2026-05-13,23:45,131.22
2026-05-14,00:00,129.09
2026-05-14,00:15,125.49
2026-05-14,00:30,117.88
2026-05-14,00:45,114.77
2026-05-14,01:00,141.55
2026-05-14,01:15,133.38
2026-05-14,01:30,126.37
2026-05-14,01:45,121.22
2026-05-14,02:00,127.08
2026-05-14,02:15,122.2
2026-05-14,02:30,117.39
2026-05-14,02:45,114.39
2026-05-14,03:00,119.91
2026-05-14,03:15,116.9
2026-05-14,03:30,115.34
2026-05-14,03:45,112.85
2026-05-14,04:00,114.68
2026-05-14,04:15,113.54
2026-05-14,04:30,111.47
2026-05-14,04:45,111.32
2026-05-14,05:00,110.71
2026-05-14,05:15,109.31
2026-05-14,05:30,109.35
2026-05-14,05:45,110.99
2026-05-14,06:00,109.49
2026-05-14,06:15,108.34
2026-05-14,06:30,108.85
2026-05-14,06:45,106.6
2026-05-14,07:00,108.4
2026-05-14,07:15,109.11
2026-05-14,07:30,64.5
2026-05-14,07:45,36.91
2026-05-14,08:00,115.3
2026-05-14,08:15,59.68
2026-05-14,08:30,26.98
2026-05-14,08:45,41.57
2026-05-14,09:00,98.07
2026-05-14,09:15,102.38
2026-05-14,09:30,23.27
2026-05-14,09:45,21.21
2026-05-14,10:00,22.74
2026-05-14,10:15,20.01
2026-05-14,10:30,18.0
2026-05-14,10:45,16.01
2026-05-14,11:00,17.78
2026-05-14,11:15,15.92
2026-05-14,11:30,14.29
2026-05-14,11:45,14.0
2026-05-14,12:00,15.61
2026-05-14,12:15,14.96
2026-05-14,12:30,14.01
2026-05-14,12:45,14.78
2026-05-14,13:00,17.37
2026-05-14,13:15,15.11
2026-05-14,13:30,14.22
2026-05-14,13:45,10.7
2026-05-14,14:00,10.47
2026-05-14,14:15,8.44
2026-05-14,14:30,6.97
2026-05-14,14:45,6.1
2026-05-14,15:00,5.13
2026-05-14,15:15,6.5
2026-05-14,15:30,7.56
2026-05-14,15:45,9.3
2026-05-14,16:00,7.03
2026-05-14,16:15,10.59
2026-05-14,16:30,20.01
2026-05-14,16:45,39.43
2026-05-14,17:00,22.59
2026-05-14,17:15,30.38
2026-05-14,17:30,32.66
2026-05-14,17:45,49.22
2026-05-14,18:00,20.03
2026-05-14,18:15,41.7
2026-05-14,18:30,58.83
2026-05-14,18:45,88.65
2026-05-14,19:00,76.66
2026-05-14,19:15,113.88
2026-05-14,19:30,128.94
2026-05-14,19:45,135.44
2026-05-14,20:00,132.94
2026-05-14,20:15,134.72
2026-05-14,20:30,144.07
2026-05-14,20:45,147.7
2026-05-14,21:00,143.84
2026-05-14,21:15,146.41
2026-05-14,21:30,150.1
2026-05-14,21:45,156.06
2026-05-14,22:00,149.41
2026-05-14,22:15,150.62
2026-05-14,22:30,148.95
2026-05-14,22:45,141.38
2026-05-14,23:00,137.56
2026-05-14,23:15,137.73
2026-05-14,23:30,136.87
2026-05-14,23:45,131.35
2026-05-15,00:00,132.32
2026-05-15,00:15,126.28
2026-05-15,00:30,122.96
2026-05-15,00:45,118.83
2026-05-15,01:00,133.24
2026-05-15,01:15,127.24
2026-05-15,01:30,124.28
2026-05-15,01:45,119.21
2026-05-15,02:00,130.07
2026-05-15,02:15,122.76
2026-05-15,02:30,120.08
2026-05-15,02:45,116.93
2026-05-15,03:00,125.89
2026-05-15,03:15,121.29
2026-05-15,03:30,120.54
2026-05-15,03:45,119.26
2026-05-15,04:00,122.34
2026-05-15,04:15,120.01
2026-05-15,04:30,122.2
2026-05-15,04:45,121.34
2026-05-15,05:00,117.0
2026-05-15,05:15,116.62
2026-05-15,05:30,116.62
2026-05-15,05:45,121.08
2026-05-15,06:00,118.1
2026-05-15,06:15,119.48
2026-05-15,06:30,120.8
2026-05-15,06:45,123.11
2026-05-15,07:00,127.09
2026-05-15,07:15,130.0
2026-05-15,07:30,128.27
2026-05-15,07:45,123.05
2026-05-15,08:00,133.48
2026-05-15,08:15,128.21
2026-05-15,08:30,126.8
2026-05-15,08:45,91.42
2026-05-15,09:00,98.47
2026-05-15,09:15,80.23
2026-05-15,09:30,76.03
2026-05-15,09:45,68.09
2026-05-15,10:00,68.33
2026-05-15,10:15,61.67
2026-05-15,10:30,56.83
2026-05-15,10:45,48.89
2026-05-15,11:00,66.74
2026-05-15,11:15,58.0
2026-05-15,11:30,47.17
2026-05-15,11:45,35.63
2026-05-15,12:00,59.58
2026-05-15,12:15,52.14
2026-05-15,12:30,59.04
2026-05-15,12:45,45.91
2026-05-15,13:00,70.71
2026-05-15,13:15,59.39
2026-05-15,13:30,47.05
2026-05-15,13:45,36.95
2026-05-15,14:00,53.14
2026-05-15,14:15,42.32
2026-05-15,14:30,39.34
2026-05-15,14:45,32.52
2026-05-15,15:00,32.98
2026-05-15,15:15,38.14
2026-05-15,15:30,44.57
2026-05-15,15:45,49.78
2026-05-15,16:00,28.62
2026-05-15,16:15,44.31
2026-05-15,16:30,57.83
2026-05-15,16:45,81.26
2026-05-15,17:00,38.09
2026-05-15,17:15,68.25
2026-05-15,17:30,93.93
2026-05-15,17:45,104.21
2026-05-15,18:00,81.41
2026-05-15,18:15,96.61
2026-05-15,18:30,111.99
2026-05-15,18:45,119.02
2026-05-15,19:00,115.95
2026-05-15,19:15,120.48
2026-05-15,19:30,122.56
2026-05-15,19:45,131.11
2026-05-15,20:00,132.39
2026-05-15,20:15,134.7
2026-05-15,20:30,135.6
2026-05-15,20:45,139.77
2026-05-15,21:00,140.46
2026-05-15,21:15,142.3
2026-05-15,21:30,142.94
2026-05-15,21:45,144.91
2026-05-15,22:00,142.94
2026-05-15,22:15,143.31
2026-05-15,22:30,140.59
2026-05-15,22:45,138.59
2026-05-15,23:00,137.57
2026-05-15,23:15,138.37
2026-05-15,23:30,140.22
2026-05-15,23:45,135.14
2026-05-16,00:00,140.25
2026-05-16,00:15,133.78
2026-05-16,00:30,125.72
2026-05-16,00:45,122.78
2026-05-16,01:00,107.11
2026-05-16,01:15,124.19
2026-05-16,01:30,121.39
2026-05-16,01:45,119.59
2026-05-16,02:00,120.3
2026-05-16,02:15,118.69
2026-05-16,02:30,117.54
2026-05-16,02:45,115.58
2026-05-16,03:00,116.39
2026-05-16,03:15,114.73
2026-05-16,03:30,114.28
2026-05-16,03:45,112.89
2026-05-16,04:00,115.0
2026-05-16,04:15,113.46
2026-05-16,04:30,112.73
2026-05-16,04:45,112.71
2026-05-16,05:00,112.1
2026-05-16,05:15,110.77
2026-05-16,05:30,110.06
2026-05-16,05:45,112.1
2026-05-16,06:00,111.95
2026-05-16,06:15,107.44
2026-05-16,06:30,104.13
2026-05-16,06:45,102.92
2026-05-16,07:00,107.7
2026-05-16,07:15,103.8
2026-05-16,07:30,102.47
2026-05-16,07:45,97.51
2026-05-16,08:00,106.03
2026-05-16,08:15,100.73
2026-05-16,08:30,96.26
2026-05-16,08:45,88.18
2026-05-16,09:00,99.12
2026-05-16,09:15,93.05
2026-05-16,09:30,79.9
2026-05-16,09:45,61.34
2026-05-16,10:00,98.95
2026-05-16,10:15,64.13
2026-05-16,10:30,25.89
2026-05-16,10:45,23.76
2026-05-16,11:00,54.12
2026-05-16,11:15,39.23
2026-05-16,11:30,33.85
2026-05-16,11:45,28.5
2026-05-16,12:00,49.77
2026-05-16,12:15,41.01
2026-05-16,12:30,31.03
2026-05-16,12:45,30.01
2026-05-16,13:00,52.41
2026-05-16,13:15,35.98
2026-05-16,13:30,30.3
2026-05-16,13:45,26.67
2026-05-16,14:00,41.88
2026-05-16,14:15,34.48
2026-05-16,14:30,34.02
2026-05-16,14:45,31.33
2026-05-16,15:00,34.05
2026-05-16,15:15,34.16
2026-05-16,15:30,38.91
2026-05-16,15:45,45.83
2026-05-16,16:00,34.1
2026-05-16,16:15,36.08
2026-05-16,16:30,35.67
2026-05-16,16:45,48.65
2026-05-16,17:00,24.25
2026-05-16,17:15,34.21
2026-05-16,17:30,52.18
2026-05-16,17:45,65.6
2026-05-16,18:00,18.5
2026-05-16,18:15,45.7
2026-05-16,18:30,90.18
2026-05-16,18:45,108.68
2026-05-16,19:00,70.8
2026-05-16,19:15,94.21
2026-05-16,19:30,112.46
2026-05-16,19:45,117.99
2026-05-16,20:00,110.08
2026-05-16,20:15,118.82
2026-05-16,20:30,122.69
2026-05-16,20:45,130.5
2026-05-16,21:00,131.52
2026-05-16,21:15,135.04
2026-05-16,21:30,137.73
2026-05-16,21:45,142.44
2026-05-16,22:00,140.16
2026-05-16,22:15,136.42
2026-05-16,22:30,136.37
2026-05-16,22:45,136.36
2026-05-16,23:00,135.13
2026-05-16,23:15,133.88
2026-05-16,23:30,129.93
2026-05-16,23:45,126.46
2026-05-17,00:00,126.48
2026-05-17,00:15,123.9
2026-05-17,00:30,123.5
2026-05-17,00:45,115.44
2026-05-17,01:00,118.18
2026-05-17,01:15,112.3
2026-05-17,01:30,99.97
2026-05-17,01:45,89.67
2026-05-17,02:00,100.06
2026-05-17,02:15,90.03
2026-05-17,02:30,88.35
2026-05-17,02:45,62.34
2026-05-17,03:00,107.99
2026-05-17,03:15,102.26
2026-05-17,03:30,99.0
2026-05-17,03:45,103.17
2026-05-17,04:00,108.48
2026-05-17,04:15,111.0
2026-05-17,04:30,109.6
2026-05-17,04:45,112.3
2026-05-17,05:00,108.34
2026-05-17,05:15,104.0
2026-05-17,05:30,90.44
2026-05-17,05:45,83.39
2026-05-17,06:00,104.89
2026-05-17,06:15,100.53
2026-05-17,06:30,93.58
2026-05-17,06:45,68.15
2026-05-17,07:00,92.91
2026-05-17,07:15,67.81
2026-05-17,07:30,75.01
2026-05-17,07:45,72.52
2026-05-17,08:00,81.06
2026-05-17,08:15,79.95
2026-05-17,08:30,69.74
2026-05-17,08:45,59.94
2026-05-17,09:00,83.91
2026-05-17,09:15,64.47
2026-05-17,09:30,48.42
2026-05-17,09:45,17.13
2026-05-17,10:00,40.0
2026-05-17,10:15,22.7
2026-05-17,10:30,19.52
2026-05-17,10:45,14.91
2026-05-17,11:00,20.65
2026-05-17,11:15,19.28
2026-05-17,11:30,14.54
2026-05-17,11:45,12.81
2026-05-17,12:00,14.52
2026-05-17,12:15,12.99
2026-05-17,12:30,11.65
2026-05-17,12:45,9.97
2026-05-17,13:00,10.83
2026-05-17,13:15,10.71
2026-05-17,13:30,10.08
2026-05-17,13:45,9.31
2026-05-17,14:00,9.43
2026-05-17,14:15,9.41
2026-05-17,14:30,9.39
2026-05-17,14:45,9.37
2026-05-17,15:00,9.54
2026-05-17,15:15,9.54
2026-05-17,15:30,8.94
2026-05-17,15:45,9.95
2026-05-17,16:00,9.01
2026-05-17,16:15,11.39
2026-05-17,16:30,17.37
2026-05-17,16:45,30.87
2026-05-17,17:00,12.48
2026-05-17,17:15,25.02
2026-05-17,17:30,65.41
2026-05-17,17:45,98.4
2026-05-17,18:00,50.24
2026-05-17,18:15,77.49
2026-05-17,18:30,108.44
2026-05-17,18:45,119.84
2026-05-17,19:00,108.73
2026-05-17,19:15,123.73
2026-05-17,19:30,135.91
2026-05-17,19:45,139.04
2026-05-17,20:00,136.05
2026-05-17,20:15,141.02
2026-05-17,20:30,143.35
2026-05-17,20:45,145.41
2026-05-17,21:00,148.31
2026-05-17,21:15,149.41
2026-05-17,21:30,157.41
2026-05-17,21:45,151.85
2026-05-17,22:00,158.41
2026-05-17,22:15,155.04
2026-05-17,22:30,150.61
2026-05-17,22:45,147.93
2026-05-17,23:00,145.01
2026-05-17,23:15,145.71
2026-05-17,23:30,145.0
2026-05-17,23:45,143.45
2026-05-18,00:00,145.64
2026-05-18,00:15,140.4
2026-05-18,00:30,142.27
2026-05-18,00:45,130.82
2026-05-18,01:00,117.74
2026-05-18,01:15,133.18
2026-05-18,01:30,126.81
2026-05-18,01:45,122.26
2026-05-18,02:00,128.33
2026-05-18,02:15,122.59
2026-05-18,02:30,121.95
2026-05-18,02:45,121.6
2026-05-18,03:00,122.64
2026-05-18,03:15,123.91
2026-05-18,03:30,123.4
2026-05-18,03:45,123.06
2026-05-18,04:00,123.34
2026-05-18,04:15,122.56
2026-05-18,04:30,123.34
2026-05-18,04:45,123.5
2026-05-18,05:00,99.91
2026-05-18,05:15,118.96
2026-05-18,05:30,98.92
2026-05-18,05:45,130.19
2026-05-18,06:00,121.22
2026-05-18,06:15,131.69
2026-05-18,06:30,139.47
2026-05-18,06:45,139.32
2026-05-18,07:00,139.78
2026-05-18,07:15,145.04
2026-05-18,07:30,141.58
2026-05-18,07:45,149.91
2026-05-18,08:00,160.65
2026-05-18,08:15,151.3
2026-05-18,08:30,150.24
2026-05-18,08:45,142.86
2026-05-18,09:00,157.08
2026-05-18,09:15,151.99
2026-05-18,09:30,131.75
2026-05-18,09:45,125.27
2026-05-18,10:00,139.5
2026-05-18,10:15,127.08
2026-05-18,10:30,117.87
2026-05-18,10:45,107.05
2026-05-18,11:00,117.58
2026-05-18,11:15,104.45
2026-05-18,11:30,103.91
2026-05-18,11:45,95.65
2026-05-18,12:00,102.96
2026-05-18,12:15,99.75
2026-05-18,12:30,97.83
2026-05-18,12:45,98.37
2026-05-18,13:00,100.82
2026-05-18,13:15,95.98
2026-05-18,13:30,92.93
2026-05-18,13:45,89.99
2026-05-18,14:00,95.21
2026-05-18,14:15,96.82
2026-05-18,14:30,99.4
2026-05-18,14:45,93.95
2026-05-18,15:00,88.69
2026-05-18,15:15,95.76
2026-05-18,15:30,102.75
2026-05-18,15:45,105.49
2026-05-18,16:00,90.31
2026-05-18,16:15,103.61
2026-05-18,16:30,106.71
2026-05-18,16:45,113.21
2026-05-18,17:00,98.91
2026-05-18,17:15,106.91
2026-05-18,17:30,114.56
2026-05-18,17:45,124.76
2026-05-18,18:00,112.53
2026-05-18,18:15,122.11
2026-05-18,18:30,130.66
2026-05-18,18:45,147.94
2026-05-18,19:00,130.61
2026-05-18,19:15,139.09
2026-05-18,19:30,146.33
2026-05-18,19:45,174.35
2026-05-18,20:00,144.81
2026-05-18,20:15,141.11
2026-05-18,20:30,156.86
2026-05-18,20:45,171.14
2026-05-18,21:00,171.71
2026-05-18,21:15,190.49
2026-05-18,21:30,186.7
2026-05-18,21:45,177.35
2026-05-18,22:00,171.7
2026-05-18,22:15,162.22
2026-05-18,22:30,163.02
2026-05-18,22:45,114.27
2026-05-18,23:00,160.66
2026-05-18,23:15,155.01
2026-05-18,23:30,152.0
2026-05-18,23:45,148.02
2026-05-19,00:00,152.76
2026-05-19,00:15,145.98
2026-05-19,00:30,145.69
2026-05-19,00:45,137.52
2026-05-19,01:00,135.88
2026-05-19,01:15,140.74
2026-05-19,01:30,138.2
2026-05-19,01:45,137.17
2026-05-19,02:00,136.46
2026-05-19,02:15,134.94
2026-05-19,02:30,135.24
2026-05-19,02:45,135.26
2026-05-19,03:00,133.68
2026-05-19,03:15,135.12
2026-05-19,03:30,135.67
2026-05-19,03:45,138.08
2026-05-19,04:00,128.44
2026-05-19,04:15,128.26
2026-05-19,04:30,132.94
2026-05-19,04:45,135.65
2026-05-19,05:00,132.47
2026-05-19,05:15,134.06
2026-05-19,05:30,139.66
2026-05-19,05:45,144.72
2026-05-19,06:00,138.96
2026-05-19,06:15,140.51
2026-05-19,06:30,135.64
2026-05-19,06:45,147.93
2026-05-19,07:00,154.9
2026-05-19,07:15,164.04
2026-05-19,07:30,162.52
2026-05-19,07:45,150.89
2026-05-19,08:00,170.27
2026-05-19,08:15,156.82
2026-05-19,08:30,146.64
2026-05-19,08:45,127.9
2026-05-19,09:00,155.74
2026-05-19,09:15,137.48
2026-05-19,09:30,127.77
2026-05-19,09:45,109.67
2026-05-19,10:00,123.45
2026-05-19,10:15,116.3
2026-05-19,10:30,102.21
2026-05-19,10:45,92.34
2026-05-19,11:00,102.01
2026-05-19,11:15,97.94
2026-05-19,11:30,91.07
2026-05-19,11:45,84.43
2026-05-19,12:00,90.51
2026-05-19,12:15,85.2
2026-05-19,12:30,80.57
2026-05-19,12:45,75.09
2026-05-19,13:00,77.36
2026-05-19,13:15,76.92
2026-05-19,13:30,70.99
2026-05-19,13:45,68.61
2026-05-19,14:00,74.81
2026-05-19,14:15,74.35
2026-05-19,14:30,74.75
2026-05-19,14:45,74.17
2026-05-19,15:00,69.16
2026-05-19,15:15,77.4
2026-05-19,15:30,82.92
2026-05-19,15:45,92.76
2026-05-19,16:00,70.73
2026-05-19,16:15,83.43
2026-05-19,16:30,88.49
2026-05-19,16:45,104.56
2026-05-19,17:00,71.33
2026-05-19,17:15,90.8
2026-05-19,17:30,97.13
2026-05-19,17:45,120.36
2026-05-19,18:00,107.26
2026-05-19,18:15,115.92
2026-05-19,18:30,134.1
2026-05-19,18:45,140.63
2026-05-19,19:00,128.35
2026-05-19,19:15,136.26
2026-05-19,19:30,145.06
2026-05-19,19:45,159.27
2026-05-19,20:00,149.88
2026-05-19,20:15,159.48
2026-05-19,20:30,167.26
2026-05-19,20:45,200.51
2026-05-19,21:00,199.66
2026-05-19,21:15,190.34
2026-05-19,21:30,186.71
2026-05-19,21:45,188.42
2026-05-19,22:00,186.74
2026-05-19,22:15,163.48
2026-05-19,22:30,158.98
2026-05-19,22:45,148.12
2026-05-19,23:00,163.61
2026-05-19,23:15,150.0
2026-05-19,23:30,143.29
2026-05-19,23:45,129.6
2026-05-20,00:00,141.52
2026-05-20,00:15,136.08
2026-05-20,00:30,130.47
2026-05-20,00:45,125.37
2026-05-20,01:00,136.31
2026-05-20,01:15,129.28
2026-05-20,01:30,120.14
2026-05-20,01:45,114.06
2026-05-20,02:00,119.84
2026-05-20,02:15,117.4
2026-05-20,02:30,115.78
2026-05-20,02:45,111.04
2026-05-20,03:00,113.2
2026-05-20,03:15,111.0
2026-05-20,03:30,110.26
2026-05-20,03:45,109.44
2026-05-20,04:00,113.86
2026-05-20,04:15,112.14
2026-05-20,04:30,111.74
2026-05-20,04:45,110.22
2026-05-20,05:00,109.14
2026-05-20,05:15,109.12
2026-05-20,05:30,111.43
2026-05-20,05:45,112.38
2026-05-20,06:00,112.55
2026-05-20,06:15,114.65
2026-05-20,06:30,118.5
2026-05-20,06:45,120.57
2026-05-20,07:00,128.85
2026-05-20,07:15,136.57
2026-05-20,07:30,131.92
2026-05-20,07:45,124.76
2026-05-20,08:00,147.82
2026-05-20,08:15,141.5
2026-05-20,08:30,132.58
2026-05-20,08:45,125.69
2026-05-20,09:00,133.14
2026-05-20,09:15,126.48
2026-05-20,09:30,120.56
2026-05-20,09:45,106.79
2026-05-20,10:00,109.77
2026-05-20,10:15,94.07
2026-05-20,10:30,91.48
2026-05-20,10:45,82.33
2026-05-20,11:00,83.11
2026-05-20,11:15,77.67
2026-05-20,11:30,71.65
2026-05-20,11:45,66.5
2026-05-20,12:00,76.62
2026-05-20,12:15,57.0
2026-05-20,12:30,53.04
2026-05-20,12:45,52.82
2026-05-20,13:00,64.05
2026-05-20,13:15,59.89
2026-05-20,13:30,57.36
2026-05-20,13:45,45.87
2026-05-20,14:00,60.39
2026-05-20,14:15,49.72
2026-05-20,14:30,42.57
2026-05-20,14:45,30.13
2026-05-20,15:00,35.33
2026-05-20,15:15,40.0
2026-05-20,15:30,40.52
2026-05-20,15:45,43.91
2026-05-20,16:00,32.79
2026-05-20,16:15,40.02
2026-05-20,16:30,50.2
2026-05-20,16:45,65.04
2026-05-20,17:00,18.26
2026-05-20,17:15,59.2
2026-05-20,17:30,81.05
2026-05-20,17:45,97.08
2026-05-20,18:00,66.93
2026-05-20,18:15,94.88
2026-05-20,18:30,108.6
2026-05-20,18:45,122.8
2026-05-20,19:00,104.48
2026-05-20,19:15,123.99
2026-05-20,19:30,139.18
2026-05-20,19:45,153.03
2026-05-20,20:00,129.53
2026-05-20,20:15,146.62
2026-05-20,20:30,154.52
2026-05-20,20:45,172.66
2026-05-20,21:00,153.91
2026-05-20,21:15,164.08
2026-05-20,21:30,172.77
2026-05-20,21:45,185.32
2026-05-20,22:00,184.99
2026-05-20,22:15,172.16
2026-05-20,22:30,161.96
2026-05-20,22:45,147.07
2026-05-20,23:00,168.65
2026-05-20,23:15,152.94
2026-05-20,23:30,145.21
2026-05-20,23:45,135.57
2026-05-21,00:00,146.44
2026-05-21,00:15,142.81
2026-05-21,00:30,137.63
2026-05-21,00:45,131.79
2026-05-21,01:00,140.43
2026-05-21,01:15,134.31
2026-05-21,01:30,129.79
2026-05-21,01:45,123.33
2026-05-21,02:00,128.24
2026-05-21,02:15,123.59
2026-05-21,02:30,118.35
2026-05-21,02:45,114.93
2026-05-21,03:00,117.42
2026-05-21,03:15,115.1
2026-05-21,03:30,115.04
2026-05-21,03:45,115.73
2026-05-21,04:00,113.06
2026-05-21,04:15,112.71
2026-05-21,04:30,113.48
2026-05-21,04:45,113.93
2026-05-21,05:00,110.12
2026-05-21,05:15,113.42
2026-05-21,05:30,118.2
2026-05-21,05:45,120.57
2026-05-21,06:00,122.22
2026-05-21,06:15,126.4
2026-05-21,06:30,134.02
2026-05-21,06:45,137.08
2026-05-21,07:00,136.73
2026-05-21,07:15,145.97
2026-05-21,07:30,146.76
2026-05-21,07:45,145.93
2026-05-21,08:00,149.54
2026-05-21,08:15,143.48
2026-05-21,08:30,138.41
2026-05-21,08:45,130.69
2026-05-21,09:00,148.73
2026-05-21,09:15,133.83
2026-05-21,09:30,114.47
2026-05-21,09:45,108.95
2026-05-21,10:00,113.42
2026-05-21,10:15,100.56
2026-05-21,10:30,95.95
2026-05-21,10:45,88.27
2026-05-21,11:00,96.14
2026-05-21,11:15,91.56
2026-05-21,11:30,75.6
2026-05-21,11:45,55.66
2026-05-21,12:00,73.62
2026-05-21,12:15,55.41
2026-05-21,12:30,41.69
2026-05-21,12:45,30.02
2026-05-21,13:00,52.37
2026-05-21,13:15,48.93
2026-05-21,13:30,39.46
2026-05-21,13:45,29.26
2026-05-21,14:00,44.1
2026-05-21,14:15,40.06
2026-05-21,14:30,34.0
2026-05-21,14:45,30.83
2026-05-21,15:00,30.72
2026-05-21,15:15,37.53
2026-05-21,15:30,34.29
2026-05-21,15:45,31.14
2026-05-21,16:00,26.48
2026-05-21,16:15,24.44
2026-05-21,16:30,48.54
2026-05-21,16:45,67.43
2026-05-21,17:00,27.42
2026-05-21,17:15,67.08
2026-05-21,17:30,90.85
2026-05-21,17:45,99.21
2026-05-21,18:00,71.96
2026-05-21,18:15,94.98
2026-05-21,18:30,107.92
2026-05-21,18:45,121.96
2026-05-21,19:00,108.99
2026-05-21,19:15,124.54
2026-05-21,19:30,139.15
2026-05-21,19:45,150.0
2026-05-21,20:00,135.65
2026-05-21,20:15,142.41
2026-05-21,20:30,154.97
2026-05-21,20:45,185.33
2026-05-21,21:00,166.26
2026-05-21,21:15,178.61
2026-05-21,21:30,189.4
2026-05-21,21:45,199.47
2026-05-21,22:00,202.32
2026-05-21,22:15,179.4
2026-05-21,22:30,164.72
2026-05-21,22:45,148.01
2026-05-21,23:00,181.08
2026-05-21,23:15,153.12
2026-05-21,23:30,140.96
2026-05-21,23:45,124.81
2026-05-22,00:00,128.04
2026-05-22,00:15,108.98
2026-05-22,00:30,100.01
2026-05-22,00:45,95.82
2026-05-22,01:00,149.99
2026-05-22,01:15,98.18
2026-05-22,01:30,95.62
2026-05-22,01:45,92.26
2026-05-22,02:00,97.05
2026-05-22,02:15,94.98
2026-05-22,02:30,93.71
2026-05-22,02:45,91.74
2026-05-22,03:00,93.67
2026-05-22,03:15,94.1
2026-05-22,03:30,92.83
2026-05-22,03:45,92.75
2026-05-22,04:00,93.64
2026-05-22,04:15,91.97
2026-05-22,04:30,91.11
2026-05-22,04:45,90.9
2026-05-22,05:00,89.67
2026-05-22,05:15,91.4
2026-05-22,05:30,91.35
2026-05-22,05:45,95.0
2026-05-22,06:00,116.54
2026-05-22,06:15,123.84
2026-05-22,06:30,122.5
2026-05-22,06:45,136.51
2026-05-22,07:00,133.25
2026-05-22,07:15,141.77
2026-05-22,07:30,144.16
2026-05-22,07:45,140.39
2026-05-22,08:00,151.14
2026-05-22,08:15,141.47
2026-05-22,08:30,131.4
2026-05-22,08:45,114.0
2026-05-22,09:00,138.7
2026-05-22,09:15,126.67
2026-05-22,09:30,116.56
2026-05-22,09:45,97.32
2026-05-22,10:00,114.79
2026-05-22,10:15,104.42
2026-05-22,10:30,79.62
2026-05-22,10:45,54.11
2026-05-22,11:00,92.59
2026-05-22,11:15,62.96
2026-05-22,11:30,16.08
2026-05-22,11:45,13.09
2026-05-22,12:00,46.03
2026-05-22,12:15,37.44
2026-05-22,12:30,34.64
2026-05-22,12:45,23.49
2026-05-22,13:00,25.25
2026-05-22,13:15,20.01
2026-05-22,13:30,17.38
2026-05-22,13:45,17.37
2026-05-22,14:00,14.0
2026-05-22,14:15,11.0
2026-05-22,14:30,11.0
2026-05-22,14:45,9.19
2026-05-22,15:00,9.99
2026-05-22,15:15,11.0
2026-05-22,15:30,11.01
2026-05-22,15:45,14.0
2026-05-22,16:00,13.11
2026-05-22,16:15,13.6
2026-05-22,16:30,23.4
2026-05-22,16:45,50.77
2026-05-22,17:00,14.72
2026-05-22,17:15,51.65
2026-05-22,17:30,62.87
2026-05-22,17:45,78.23
2026-05-22,18:00,38.02
2026-05-22,18:15,63.7
2026-05-22,18:30,91.15
2026-05-22,18:45,112.88
2026-05-22,19:00,91.24
2026-05-22,19:15,118.17
2026-05-22,19:30,129.83
2026-05-22,19:45,142.53
2026-05-22,20:00,117.56
2026-05-22,20:15,130.51
2026-05-22,20:30,147.54
2026-05-22,20:45,188.34
2026-05-22,21:00,172.62
2026-05-22,21:15,175.68
2026-05-22,21:30,180.93
2026-05-22,21:45,167.17
2026-05-22,22:00,179.35
2026-05-22,22:15,148.99
2026-05-22,22:30,117.95
2026-05-22,22:45,117.21
2026-05-22,23:00,125.73
2026-05-22,23:15,128.23
2026-05-22,23:30,124.86
2026-05-22,23:45,126.34
2026-05-23,00:00,119.93
2026-05-23,00:15,124.76
2026-05-23,00:30,126.08
2026-05-23,00:45,124.66
2026-05-23,01:00,41.47
2026-05-23,01:15,74.1
2026-05-23,01:30,71.99
2026-05-23,01:45,69.12
2026-05-23,02:00,72.53
2026-05-23,02:15,71.76
2026-05-23,02:30,71.71
2026-05-23,02:45,71.43
2026-05-23,03:00,71.07
2026-05-23,03:15,71.02
2026-05-23,03:30,70.76
2026-05-23,03:45,71.4
2026-05-23,04:00,69.34
2026-05-23,04:15,70.49
2026-05-23,04:30,71.6
2026-05-23,04:45,71.68
2026-05-23,05:00,70.98
2026-05-23,05:15,71.02
2026-05-23,05:30,71.59
2026-05-23,05:45,71.9
2026-05-23,06:00,72.01
2026-05-23,06:15,72.07
2026-05-23,06:30,71.32
2026-05-23,06:45,71.23
2026-05-23,07:00,72.74
2026-05-23,07:15,72.06
2026-05-23,07:30,71.01
2026-05-23,07:45,41.19
2026-05-23,08:00,73.31
2026-05-23,08:15,47.31
2026-05-23,08:30,42.33
2026-05-23,08:45,34.71
2026-05-23,09:00,59.31
2026-05-23,09:15,44.89
2026-05-23,09:30,20.23
2026-05-23,09:45,4.99
2026-05-23,10:00,11.87
2026-05-23,10:15,3.8
2026-05-23,10:30,2.66
2026-05-23,10:45,2.17
2026-05-23,11:00,3.4
2026-05-23,11:15,2.97
2026-05-23,11:30,2.76
2026-05-23,11:45,2.08
2026-05-23,12:00,2.81
2026-05-23,12:15,2.0
2026-05-23,12:30,1.37
2026-05-23,12:45,1.3
2026-05-23,13:00,1.43
2026-05-23,13:15,1.1
2026-05-23,13:30,0.67
2026-05-23,13:45,0.06
2026-05-23,14:00,0.01
2026-05-23,14:15,-0.01
2026-05-23,14:30,-0.33
2026-05-23,14:45,-0.43
2026-05-23,15:00,-0.23
2026-05-23,15:15,-0.17
2026-05-23,15:30,0.0
2026-05-23,15:45,0.01
2026-05-23,16:00,0.0
2026-05-23,16:15,0.56
2026-05-23,16:30,0.82
2026-05-23,16:45,1.16
2026-05-23,17:00,1.33
2026-05-23,17:15,1.71
2026-05-23,17:30,1.82
2026-05-23,17:45,2.46
2026-05-23,18:00,1.61
2026-05-23,18:15,3.95
2026-05-23,18:30,14.09
2026-05-23,18:45,19.21
2026-05-23,19:00,8.67
2026-05-23,19:15,15.32
2026-05-23,19:30,51.96
2026-05-23,19:45,66.41
2026-05-23,20:00,32.75
2026-05-23,20:15,67.96
2026-05-23,20:30,69.86
2026-05-23,20:45,69.8
2026-05-23,21:00,71.4
2026-05-23,21:15,75.85
2026-05-23,21:30,105.29
2026-05-23,21:45,102.6
2026-05-23,22:00,71.0
2026-05-23,22:15,70.5
2026-05-23,22:30,83.23
2026-05-23,22:45,88.05
2026-05-23,23:00,68.54
2026-05-23,23:15,63.34
2026-05-23,23:30,75.83
2026-05-23,23:45,10.87
2026-05-24,00:00,12.89
2026-05-24,00:15,7.38
2026-05-24,00:30,7.47
2026-05-24,00:45,6.91
2026-05-24,01:00,53.34
2026-05-24,01:15,29.27
2026-05-24,01:30,24.0
2026-05-24,01:45,10.89
2026-05-24,02:00,10.95
2026-05-24,02:15,10.93
2026-05-24,02:30,9.14
2026-05-24,02:45,8.8
2026-05-24,03:00,10.97
2026-05-24,03:15,10.99
2026-05-24,03:30,11.04
2026-05-24,03:45,11.05
2026-05-24,04:00,15.81
2026-05-24,04:15,18.86
2026-05-24,04:30,15.88
2026-05-24,04:45,12.27
2026-05-24,05:00,11.14
2026-05-24,05:15,11.14
2026-05-24,05:30,11.08
2026-05-24,05:45,8.89
2026-05-24,06:00,19.49
2026-05-24,06:15,19.89
2026-05-24,06:30,7.66
2026-05-24,06:45,7.66
2026-05-24,07:00,8.78
2026-05-24,07:15,8.78
2026-05-24,07:30,8.78
2026-05-24,07:45,7.88
2026-05-24,08:00,5.0
2026-05-24,08:15,3.81
2026-05-24,08:30,5.09
2026-05-24,08:45,5.0
2026-05-24,09:00,3.81
2026-05-24,09:15,3.8
2026-05-24,09:30,0.49
2026-05-24,09:45,0.0
2026-05-24,10:00,0.01
2026-05-24,10:15,0.0
2026-05-24,10:30,-0.01
2026-05-24,10:45,-0.11
2026-05-24,11:00,-0.11
2026-05-24,11:15,-0.89
2026-05-24,11:30,-1.65
2026-05-24,11:45,-2.27
2026-05-24,12:00,-2.28
2026-05-24,12:15,-3.29
2026-05-24,12:30,-4.63
2026-05-24,12:45,-6.89
2026-05-24,13:00,-5.16
2026-05-24,13:15,-7.19
2026-05-24,13:30,-9.58
2026-05-24,13:45,-10.25
2026-05-24,14:00,-10.1
2026-05-24,14:15,-11.8
2026-05-24,14:30,-12.68
2026-05-24,14:45,-13.47
2026-05-24,15:00,-15.11
2026-05-24,15:15,-14.51
2026-05-24,15:30,-13.69
2026-05-24,15:45,-10.88
2026-05-24,16:00,-14.08
2026-05-24,16:15,-8.84
2026-05-24,16:30,-5.01
2026-05-24,16:45,-2.98
2026-05-24,17:00,-2.04
2026-05-24,17:15,-1.01
2026-05-24,17:30,-0.27
2026-05-24,17:45,-0.03
2026-05-24,18:00,-0.01
2026-05-24,18:15,0.02
2026-05-24,18:30,2.0
2026-05-24,18:45,4.58
2026-05-24,19:00,16.1
2026-05-24,19:15,56.11
2026-05-24,19:30,59.0
2026-05-24,19:45,95.95
2026-05-24,20:00,65.88
2026-05-24,20:15,118.34
2026-05-24,20:30,114.83
2026-05-24,20:45,120.95
2026-05-24,21:00,119.94
2026-05-24,21:15,120.28
2026-05-24,21:30,120.17
2026-05-24,21:45,120.25
2026-05-24,22:00,120.91
2026-05-24,22:15,120.49
2026-05-24,22:30,101.94
2026-05-24,22:45,83.7
2026-05-24,23:00,120.77
2026-05-24,23:15,101.42
2026-05-24,23:30,64.63
2026-05-24,23:45,64.52
2026-05-25,00:00,116.88
2026-05-25,00:15,115.01
2026-05-25,00:30,113.49
2026-05-25,00:45,88.23
2026-05-25,01:00,114.96
2026-05-25,01:15,112.96
2026-05-25,01:30,110.21
2026-05-25,01:45,66.75
2026-05-25,02:00,110.91
2026-05-25,02:15,108.94
2026-05-25,02:30,110.45
2026-05-25,02:45,108.19
2026-05-25,03:00,108.21
2026-05-25,03:15,107.91
2026-05-25,03:30,106.18
2026-05-25,03:45,94.87
2026-05-25,04:00,107.26
2026-05-25,04:15,107.03
2026-05-25,04:30,108.24
2026-05-25,04:45,109.93
2026-05-25,05:00,108.55
2026-05-25,05:15,108.97
2026-05-25,05:30,109.22
2026-05-25,05:45,109.52
2026-05-25,06:00,109.76
2026-05-25,06:15,111.02
2026-05-25,06:30,112.58
2026-05-25,06:45,112.57
2026-05-25,07:00,117.54
2026-05-25,07:15,120.16
2026-05-25,07:30,118.95
2026-05-25,07:45,103.35
2026-05-25,08:00,135.57
2026-05-25,08:15,84.29
2026-05-25,08:30,107.12
2026-05-25,08:45,67.0
2026-05-25,09:00,18.0
2026-05-25,09:15,20.01
2026-05-25,09:30,10.08
2026-05-25,09:45,5.0
2026-05-25,10:00,3.8
2026-05-25,10:15,2.83
2026-05-25,10:30,1.83
2026-05-25,10:45,0.97
2026-05-25,11:00,0.17
2026-05-25,11:15,0.04
2026-05-25,11:30,0.0
2026-05-25,11:45,-0.02
2026-05-25,12:00,-0.08
2026-05-25,12:15,-0.2
2026-05-25,12:30,-0.54
2026-05-25,12:45,-1.0
2026-05-25,13:00,-1.15
2026-05-25,13:15,-1.17
2026-05-25,13:30,-1.48
2026-05-25,13:45,-1.87
2026-05-25,14:00,-1.9
2026-05-25,14:15,-1.94
2026-05-25,14:30,-2.43
2026-05-25,14:45,-1.74
2026-05-25,15:00,-3.57
2026-05-25,15:15,-1.47
2026-05-25,15:30,-1.0
2026-05-25,15:45,-0.82
2026-05-25,16:00,-0.85
2026-05-25,16:15,-1.0
2026-05-25,16:30,-0.68
2026-05-25,16:45,-0.74
2026-05-25,17:00,-0.23
2026-05-25,17:15,-0.05
2026-05-25,17:30,-0.08
2026-05-25,17:45,0.95
2026-05-25,18:00,2.04
2026-05-25,18:15,5.0
2026-05-25,18:30,9.04
2026-05-25,18:45,61.38
2026-05-25,19:00,58.83
2026-05-25,19:15,62.38
2026-05-25,19:30,66.0
2026-05-25,19:45,92.21
2026-05-25,20:00,107.5
2026-05-25,20:15,129.62
2026-05-25,20:30,130.47
2026-05-25,20:45,124.0
2026-05-25,21:00,113.4
2026-05-25,21:15,129.69
2026-05-25,21:30,130.77
2026-05-25,21:45,130.58
2026-05-25,22:00,94.99
2026-05-25,22:15,131.11
2026-05-25,22:30,130.53
2026-05-25,22:45,123.45
2026-05-25,23:00,130.1
2026-05-25,23:15,127.1
2026-05-25,23:30,120.65
2026-05-25,23:45,88.27
2026-05-26,00:00,113.11
2026-05-26,00:15,89.06
2026-05-26,00:30,68.39
2026-05-26,00:45,67.86
2026-05-26,01:00,82.26
2026-05-26,01:15,85.69
2026-05-26,01:30,90.7
2026-05-26,01:45,82.93
2026-05-26,02:00,103.04
2026-05-26,02:15,91.25
2026-05-26,02:30,82.38
2026-05-26,02:45,76.85
2026-05-26,03:00,93.81
2026-05-26,03:15,79.34
2026-05-26,03:30,69.3
2026-05-26,03:45,62.4
2026-05-26,04:00,79.92
2026-05-26,04:15,67.99
2026-05-26,04:30,59.96
2026-05-26,04:45,59.64
2026-05-26,05:00,60.54
2026-05-26,05:15,61.08
2026-05-26,05:30,62.87
2026-05-26,05:45,63.63
2026-05-26,06:00,62.7
2026-05-26,06:15,63.85
2026-05-26,06:30,68.74
2026-05-26,06:45,71.4
2026-05-26,07:00,69.0
2026-05-26,07:15,74.0
2026-05-26,07:30,76.55
2026-05-26,07:45,82.6
2026-05-26,08:00,128.93
2026-05-26,08:15,117.9
2026-05-26,08:30,96.08
2026-05-26,08:45,77.1
2026-05-26,09:00,82.08
2026-05-26,09:15,75.47
2026-05-26,09:30,37.46
2026-05-26,09:45,34.1
2026-05-26,10:00,38.11
2026-05-26,10:15,33.37
2026-05-26,10:30,25.75
2026-05-26,10:45,8.27
2026-05-26,11:00,16.6
2026-05-26,11:15,5.09
2026-05-26,11:30,4.38
2026-05-26,11:45,1.95
2026-05-26,12:00,4.45
2026-05-26,12:15,3.94
2026-05-26,12:30,3.73
2026-05-26,12:45,3.28
2026-05-26,13:00,3.99
2026-05-26,13:15,3.71
2026-05-26,13:30,3.0
2026-05-26,13:45,2.51
2026-05-26,14:00,3.0
2026-05-26,14:15,2.7
2026-05-26,14:30,2.43
2026-05-26,14:45,2.11
2026-05-26,15:00,2.63
2026-05-26,15:15,2.64
2026-05-26,15:30,2.25
2026-05-26,15:45,2.26
2026-05-26,16:00,2.11
2026-05-26,16:15,2.23
2026-05-26,16:30,2.28
2026-05-26,16:45,2.44
2026-05-26,17:00,1.8
2026-05-26,17:15,2.77
2026-05-26,17:30,4.51
2026-05-26,17:45,9.32
2026-05-26,18:00,8.29
2026-05-26,18:15,20.62
2026-05-26,18:30,27.95
2026-05-26,18:45,63.59
2026-05-26,19:00,62.37
2026-05-26,19:15,66.99
2026-05-26,19:30,69.53
2026-05-26,19:45,73.19
2026-05-26,20:00,68.98
2026-05-26,20:15,72.29
2026-05-26,20:30,82.4
2026-05-26,20:45,82.32
2026-05-26,21:00,82.08
2026-05-26,21:15,83.28
2026-05-26,21:30,93.89
2026-05-26,21:45,88.63
2026-05-26,22:00,82.81
2026-05-26,22:15,84.99
2026-05-26,22:30,94.02
2026-05-26,22:45,82.14
2026-05-26,23:00,76.3
2026-05-26,23:15,71.39
2026-05-26,23:30,70.35
2026-05-26,23:45,63.41
2026-05-27,00:00,73.28
2026-05-27,00:15,66.23
2026-05-27,00:30,64.46
2026-05-27,00:45,63.45
2026-05-27,01:00,60.97
2026-05-27,01:15,59.74
2026-05-27,01:30,58.48
2026-05-27,01:45,57.68
2026-05-27,02:00,57.88
2026-05-27,02:15,57.41
2026-05-27,02:30,57.19
2026-05-27,02:45,55.15
2026-05-27,03:00,57.29
2026-05-27,03:15,57.31
2026-05-27,03:30,57.03
2026-05-27,03:45,57.12
2026-05-27,04:00,57.09
2026-05-27,04:15,57.03
2026-05-27,04:30,56.85
2026-05-27,04:45,56.75
2026-05-27,05:00,56.78
2026-05-27,05:15,56.82
2026-05-27,05:30,57.34
2026-05-27,05:45,57.69
2026-05-27,06:00,57.82
2026-05-27,06:15,59.2
2026-05-27,06:30,59.82
2026-05-27,06:45,61.14
2026-05-27,07:00,64.32
2026-05-27,07:15,65.59
2026-05-27,07:30,65.83
2026-05-27,07:45,30.99
2026-05-27,08:00,88.19
2026-05-27,08:15,32.23
2026-05-27,08:30,20.13
2026-05-27,08:45,11.94
2026-05-27,09:00,19.91
2026-05-27,09:15,10.0
2026-05-27,09:30,14.65
2026-05-27,09:45,17.57
2026-05-27,10:00,10.0
2026-05-27,10:15,6.88
2026-05-27,10:30,4.79
2026-05-27,10:45,3.58
2026-05-27,11:00,4.97
2026-05-27,11:15,2.16
2026-05-27,11:30,0.78
2026-05-27,11:45,0.25
2026-05-27,12:00,0.46
2026-05-27,12:15,0.34
2026-05-27,12:30,0.01
2026-05-27,12:45,0.0
2026-05-27,13:00,-0.01
2026-05-27,13:15,-0.29
2026-05-27,13:30,-0.32
2026-05-27,13:45,-0.54
2026-05-27,14:00,-0.29
2026-05-27,14:15,-0.49
2026-05-27,14:30,-0.85
2026-05-27,14:45,-0.94
2026-05-27,15:00,-0.75
2026-05-27,15:15,-0.36
2026-05-27,15:30,-0.3
2026-05-27,15:45,-0.05
2026-05-27,16:00,-0.77
2026-05-27,16:15,-0.54
2026-05-27,16:30,-0.31
2026-05-27,16:45,-0.01
2026-05-27,17:00,-0.58
2026-05-27,17:15,0.09
2026-05-27,17:30,0.31
2026-05-27,17:45,1.99
2026-05-27,18:00,1.32
2026-05-27,18:15,3.81
2026-05-27,18:30,5.26
2026-05-27,18:45,8.27
2026-05-27,19:00,6.91
2026-05-27,19:15,10.0
2026-05-27,19:30,18.04
2026-05-27,19:45,66.31
2026-05-27,20:00,11.01
2026-05-27,20:15,77.62
2026-05-27,20:30,113.72
2026-05-27,20:45,119.72
2026-05-27,21:00,134.27
2026-05-27,21:15,136.03
2026-05-27,21:30,137.08
2026-05-27,21:45,139.34
2026-05-27,22:00,137.38
2026-05-27,22:15,137.96
2026-05-27,22:30,128.69
2026-05-27,22:45,79.19
2026-05-27,23:00,136.54
2026-05-27,23:15,86.99
2026-05-27,23:30,30.0
2026-05-27,23:45,20.0
2026-05-28,00:00,99.95
2026-05-28,00:15,40.01
2026-05-28,00:30,32.55
2026-05-28,00:45,19.99
2026-05-28,01:00,116.0
2026-05-28,01:15,118.06
2026-05-28,01:30,121.27
2026-05-28,01:45,99.94
2026-05-28,02:00,117.39
2026-05-28,02:15,116.27
2026-05-28,02:30,116.08
2026-05-28,02:45,68.63
2026-05-28,03:00,115.06
2026-05-28,03:15,114.95
2026-05-28,03:30,99.94
2026-05-28,03:45,83.22
2026-05-28,04:00,85.52
2026-05-28,04:15,109.55
2026-05-28,04:30,109.92
2026-05-28,04:45,110.19
2026-05-28,05:00,92.96
2026-05-28,05:15,106.67
2026-05-28,05:30,107.08
2026-05-28,05:45,107.68
2026-05-28,06:00,105.0
2026-05-28,06:15,108.58
2026-05-28,06:30,110.49
2026-05-28,06:45,113.76
2026-05-28,07:00,131.01
2026-05-28,07:15,135.94
2026-05-28,07:30,69.87
2026-05-28,07:45,20.0
2026-05-28,08:00,28.29
2026-05-28,08:15,17.38
2026-05-28,08:30,9.18
2026-05-28,08:45,6.94
2026-05-28,09:00,6.92
2026-05-28,09:15,6.85
2026-05-28,09:30,6.32
2026-05-28,09:45,5.09
2026-05-28,10:00,5.09
2026-05-28,10:15,4.92
2026-05-28,10:30,3.93
2026-05-28,10:45,4.93
2026-05-28,11:00,4.96
2026-05-28,11:15,4.98
2026-05-28,11:30,5.0
2026-05-28,11:45,2.68
2026-05-28,12:00,1.89
2026-05-28,12:15,1.14
2026-05-28,12:30,0.74
2026-05-28,12:45,0.74
2026-05-28,13:00,0.73
2026-05-28,13:15,0.71
2026-05-28,13:30,0.69
2026-05-28,13:45,0.7
2026-05-28,14:00,0.73
2026-05-28,14:15,0.69
2026-05-28,14:30,0.44
2026-05-28,14:45,0.26
2026-05-28,15:00,1.97
2026-05-28,15:15,1.29
2026-05-28,15:30,1.35
2026-05-28,15:45,1.51
2026-05-28,16:00,0.6
2026-05-28,16:15,0.74
2026-05-28,16:30,1.6
2026-05-28,16:45,4.34
2026-05-28,17:00,3.06
2026-05-28,17:15,6.83
2026-05-28,17:30,7.19
2026-05-28,17:45,9.2
2026-05-28,18:00,8.77
2026-05-28,18:15,14.79
2026-05-28,18:30,15.52
2026-05-28,18:45,26.01
2026-05-28,19:00,12.0
2026-05-28,19:15,72.28
2026-05-28,19:30,76.33
2026-05-28,19:45,164.0
2026-05-28,20:00,152.27
2026-05-28,20:15,166.6
2026-05-28,20:30,197.96
2026-05-28,20:45,313.37
2026-05-28,21:00,222.28
2026-05-28,21:15,252.89
2026-05-28,21:30,301.91
2026-05-28,21:45,377.61
2026-05-28,22:00,387.2
2026-05-28,22:15,391.21
2026-05-28,22:30,324.75
2026-05-28,22:45,218.94
2026-05-28,23:00,295.91
2026-05-28,23:15,200.91
2026-05-28,23:30,165.2
2026-05-28,23:45,153.95
2026-05-29,00:00,167.17
2026-05-29,00:15,158.8
2026-05-29,00:30,150.27
2026-05-29,00:45,140.42
2026-05-29,01:00,58.07
2026-05-29,01:15,40.0
2026-05-29,01:30,26.9
2026-05-29,01:45,11.43
2026-05-29,02:00,40.0
2026-05-29,02:15,28.29
2026-05-29,02:30,26.91
2026-05-29,02:45,40.01
2026-05-29,03:00,26.9
2026-05-29,03:15,26.9
2026-05-29,03:30,26.91
2026-05-29,03:45,40.01
2026-05-29,04:00,11.01
2026-05-29,04:15,11.01
2026-05-29,04:30,19.99
2026-05-29,04:45,19.99
2026-05-29,05:00,10.6
2026-05-29,05:15,14.27
2026-05-29,05:30,23.47
2026-05-29,05:45,31.65
2026-05-29,06:00,26.9
2026-05-29,06:15,74.74
2026-05-29,06:30,40.68
2026-05-29,06:45,75.66
2026-05-29,07:00,24.99
2026-05-29,07:15,35.45
2026-05-29,07:30,50.03
2026-05-29,07:45,69.93
2026-05-29,08:00,40.0
2026-05-29,08:15,42.86
2026-05-29,08:30,51.03
2026-05-29,08:45,57.04
2026-05-29,09:00,55.67
2026-05-29,09:15,46.36
2026-05-29,09:30,41.93
2026-05-29,09:45,30.87
2026-05-29,10:00,53.36
2026-05-29,10:15,39.56
2026-05-29,10:30,38.93
2026-05-29,10:45,17.99
2026-05-29,11:00,20.0
2026-05-29,11:15,9.47
2026-05-29,11:30,7.19
2026-05-29,11:45,5.95
2026-05-29,12:00,6.91
2026-05-29,12:15,7.83
2026-05-29,12:30,6.92
2026-05-29,12:45,6.88
2026-05-29,13:00,7.97
2026-05-29,13:15,7.07
2026-05-29,13:30,6.87
2026-05-29,13:45,7.94
2026-05-29,14:00,7.7
2026-05-29,14:15,7.69
2026-05-29,14:30,5.5
2026-05-29,14:45,5.36
2026-05-29,15:00,5.57
2026-05-29,15:15,5.62
2026-05-29,15:30,6.7
2026-05-29,15:45,6.91
2026-05-29,16:00,5.79
2026-05-29,16:15,6.87
2026-05-29,16:30,9.95
2026-05-29,16:45,26.0
2026-05-29,17:00,6.86
2026-05-29,17:15,25.62
2026-05-29,17:30,52.23
2026-05-29,17:45,79.93
2026-05-29,18:00,42.4
2026-05-29,18:15,52.56
2026-05-29,18:30,64.74
2026-05-29,18:45,80.09
2026-05-29,19:00,50.04
2026-05-29,19:15,79.31
2026-05-29,19:30,130.71
2026-05-29,19:45,155.85
2026-05-29,20:00,140.97
2026-05-29,20:15,159.26
2026-05-29,20:30,176.41
2026-05-29,20:45,196.42
2026-05-29,21:00,184.27
2026-05-29,21:15,179.92
2026-05-29,21:30,193.3
2026-05-29,21:45,176.49
2026-05-29,22:00,186.23
2026-05-29,22:15,179.01
2026-05-29,22:30,171.0
2026-05-29,22:45,153.79
2026-05-29,23:00,178.05
2026-05-29,23:15,161.04
2026-05-29,23:30,152.51
2026-05-29,23:45,140.25
2026-05-30,00:00,143.91
2026-05-30,00:15,141.09
2026-05-30,00:30,134.72
2026-05-30,00:45,131.81
2026-05-30,01:00,129.64
2026-05-30,01:15,123.94
2026-05-30,01:30,119.31
2026-05-30,01:45,112.58
2026-05-30,02:00,113.61
2026-05-30,02:15,112.94
2026-05-30,02:30,117.95
2026-05-30,02:45,116.53
2026-05-30,03:00,111.59
2026-05-30,03:15,112.89
2026-05-30,03:30,114.01
2026-05-30,03:45,111.6
2026-05-30,04:00,104.88
2026-05-30,04:15,106.5
2026-05-30,04:30,110.79
2026-05-30,04:45,108.96
2026-05-30,05:00,116.36
2026-05-30,05:15,115.84
2026-05-30,05:30,114.23
2026-05-30,05:45,107.4
2026-05-30,06:00,118.03
2026-05-30,06:15,113.55
2026-05-30,06:30,87.57
2026-05-30,06:45,87.18
2026-05-30,07:00,116.25
2026-05-30,07:15,77.19
2026-05-30,07:30,82.19
2026-05-30,07:45,86.11
2026-05-30,08:00,76.69
2026-05-30,08:15,79.17
2026-05-30,08:30,80.22
2026-05-30,08:45,69.64
2026-05-30,09:00,69.44
2026-05-30,09:15,67.4
2026-05-30,09:30,60.02
2026-05-30,09:45,59.6
2026-05-30,10:00,76.1
2026-05-30,10:15,47.77
2026-05-30,10:30,17.33
2026-05-30,10:45,7.84
2026-05-30,11:00,23.56
2026-05-30,11:15,21.5
2026-05-30,11:30,20.01
2026-05-30,11:45,21.46
2026-05-30,12:00,24.77
2026-05-30,12:15,22.45
2026-05-30,12:30,20.01
2026-05-30,12:45,19.99
2026-05-30,13:00,24.78
2026-05-30,13:15,23.94
2026-05-30,13:30,20.94
2026-05-30,13:45,20.38
2026-05-30,14:00,23.98
2026-05-30,14:15,21.64
2026-05-30,14:30,20.99
2026-05-30,14:45,21.14
2026-05-30,15:00,20.0
2026-05-30,15:15,20.38
2026-05-30,15:30,22.0
2026-05-30,15:45,23.83
2026-05-30,16:00,22.32
2026-05-30,16:15,20.01
2026-05-30,16:30,20.87
2026-05-30,16:45,24.99
2026-05-30,17:00,18.45
2026-05-30,17:15,20.17
2026-05-30,17:30,26.02
2026-05-30,17:45,34.77
2026-05-30,18:00,8.44
2026-05-30,18:15,50.02
2026-05-30,18:30,85.37
2026-05-30,18:45,95.76
2026-05-30,19:00,74.98
2026-05-30,19:15,91.97
2026-05-30,19:30,110.32
2026-05-30,19:45,122.03
2026-05-30,20:00,115.56
2026-05-30,20:15,126.54
2026-05-30,20:30,138.94
2026-05-30,20:45,146.43
2026-05-30,21:00,133.65
2026-05-30,21:15,147.95
2026-05-30,21:30,158.4
2026-05-30,21:45,164.54
2026-05-30,22:00,161.23
2026-05-30,22:15,161.96
2026-05-30,22:30,169.92
2026-05-30,22:45,163.01
2026-05-30,23:00,161.03
2026-05-30,23:15,152.21
2026-05-30,23:30,148.6
2026-05-30,23:45,140.56
2026-05-31,00:00,140.42
2026-05-31,00:15,135.29
2026-05-31,00:30,134.98
2026-05-31,00:45,132.86
2026-05-31,01:00,148.43
2026-05-31,01:15,135.16
2026-05-31,01:30,130.55
2026-05-31,01:45,122.92
2026-05-31,02:00,129.05
2026-05-31,02:15,126.24
2026-05-31,02:30,124.95
2026-05-31,02:45,123.15
2026-05-31,03:00,124.49
2026-05-31,03:15,123.53
2026-05-31,03:30,123.28
2026-05-31,03:45,120.31
2026-05-31,04:00,121.93
2026-05-31,04:15,121.12
2026-05-31,04:30,122.14
2026-05-31,04:45,123.24
2026-05-31,05:00,124.96
2026-05-31,05:15,124.49
2026-05-31,05:30,124.67
2026-05-31,05:45,121.58
2026-05-31,06:00,124.55
2026-05-31,06:15,120.94
2026-05-31,06:30,119.17
2026-05-31,06:45,114.27
2026-05-31,07:00,119.53
2026-05-31,07:15,116.8
2026-05-31,07:30,109.58
2026-05-31,07:45,103.02
2026-05-31,08:00,104.17
2026-05-31,08:15,97.46
2026-05-31,08:30,91.7
2026-05-31,08:45,81.11
2026-05-31,09:00,95.46
2026-05-31,09:15,91.36
2026-05-31,09:30,77.15
2026-05-31,09:45,74.36
2026-05-31,10:00,79.45
2026-05-31,10:15,63.66
2026-05-31,10:30,51.86
2026-05-31,10:45,25.13
2026-05-31,11:00,42.85
2026-05-31,11:15,37.04
2026-05-31,11:30,34.88
2026-05-31,11:45,36.82
2026-05-31,12:00,43.85
2026-05-31,12:15,41.11
2026-05-31,12:30,36.64
2026-05-31,12:45,32.43
2026-05-31,13:00,40.59
2026-05-31,13:15,39.98
2026-05-31,13:30,36.32
2026-05-31,13:45,36.64
2026-05-31,14:00,40.09
2026-05-31,14:15,39.79
2026-05-31,14:30,38.79
2026-05-31,14:45,36.74
2026-05-31,15:00,37.94
2026-05-31,15:15,37.23
2026-05-31,15:30,40.69
2026-05-31,15:45,40.11
2026-05-31,16:00,32.1
2026-05-31,16:15,34.5
2026-05-31,16:30,39.74
2026-05-31,16:45,56.63
2026-05-31,17:00,19.17
2026-05-31,17:15,40.48
2026-05-31,17:30,65.64
2026-05-31,17:45,88.58
2026-05-31,18:00,67.43
2026-05-31,18:15,88.65
2026-05-31,18:30,103.66
2026-05-31,18:45,128.85
2026-05-31,19:00,105.15
2026-05-31,19:15,124.97
2026-05-31,19:30,143.25
2026-05-31,19:45,160.53
2026-05-31,20:00,137.95
2026-05-31,20:15,147.08
2026-05-31,20:30,155.95
2026-05-31,20:45,163.05
2026-05-31,21:00,152.69
2026-05-31,21:15,158.21
2026-05-31,21:30,167.73
2026-05-31,21:45,167.82
2026-05-31,22:00,164.57
2026-05-31,22:15,161.5
2026-05-31,22:30,160.68
2026-05-31,22:45,161.43
2026-05-31,23:00,164.89
2026-05-31,23:15,157.26
2026-05-31,23:30,152.99
2026-05-31,23:45,146.51
2026-06-01,00:00,150.77
2026-06-01,00:15,146.48
2026-06-01,00:30,140.62
2026-06-01,00:45,137.77
2026-06-01,01:00,147.15
2026-06-01,01:15,138.63
2026-06-01,01:30,134.63
2026-06-01,01:45,129.02
2026-06-01,02:00,136.53
2026-06-01,02:15,127.81
2026-06-01,02:30,123.28
2026-06-01,02:45,120.4
2026-06-01,03:00,122.17
2026-06-01,03:15,124.73
2026-06-01,03:30,122.89
2026-06-01,03:45,120.36
2026-06-01,04:00,120.78
2026-06-01,04:15,120.95
2026-06-01,04:30,120.83
2026-06-01,04:45,120.15
2026-06-01,05:00,121.66
2026-06-01,05:15,122.29
2026-06-01,05:30,124.69
2026-06-01,05:45,127.3
2026-06-01,06:00,121.65
2026-06-01,06:15,126.95
2026-06-01,06:30,134.69
2026-06-01,06:45,148.78
2026-06-01,07:00,152.33
2026-06-01,07:15,167.66
2026-06-01,07:30,157.16
2026-06-01,07:45,156.54
2026-06-01,08:00,149.71
2026-06-01,08:15,144.59
2026-06-01,08:30,141.37
2026-06-01,08:45,140.74
2026-06-01,09:00,155.15
2026-06-01,09:15,145.36
2026-06-01,09:30,129.04
2026-06-01,09:45,118.32
2026-06-01,10:00,153.37
2026-06-01,10:15,132.25
2026-06-01,10:30,117.54
2026-06-01,10:45,110.57
2026-06-01,11:00,124.46
2026-06-01,11:15,113.69
2026-06-01,11:30,112.07
2026-06-01,11:45,110.3
2026-06-01,12:00,112.77
2026-06-01,12:15,110.59
2026-06-01,12:30,105.26
2026-06-01,12:45,98.89
2026-06-01,13:00,100.32
2026-06-01,13:15,94.95
2026-06-01,13:30,93.02
2026-06-01,13:45,89.12
2026-06-01,14:00,94.23
2026-06-01,14:15,93.81
2026-06-01,14:30,90.59
2026-06-01,14:45,88.44
2026-06-01,15:00,87.5
2026-06-01,15:15,87.87
2026-06-01,15:30,85.9
2026-06-01,15:45,88.59
2026-06-01,16:00,85.64
2026-06-01,16:15,90.24
2026-06-01,16:30,95.73
2026-06-01,16:45,103.73
2026-06-01,17:00,77.06
2026-06-01,17:15,90.74
2026-06-01,17:30,101.35
2026-06-01,17:45,111.01
2026-06-01,18:00,94.72
2026-06-01,18:15,103.81
2026-06-01,18:30,112.05
2026-06-01,18:45,149.42
2026-06-01,19:00,113.11
2026-06-01,19:15,131.38
2026-06-01,19:30,151.16
2026-06-01,19:45,180.56
2026-06-01,20:00,160.4
2026-06-01,20:15,183.1
2026-06-01,20:30,225.24
2026-06-01,20:45,308.15
2026-06-01,21:00,259.63
2026-06-01,21:15,313.15
2026-06-01,21:30,348.46
2026-06-01,21:45,385.81
2026-06-01,22:00,359.54
2026-06-01,22:15,324.86
2026-06-01,22:30,286.2
2026-06-01,22:45,244.76
2026-06-01,23:00,290.2
2026-06-01,23:15,219.66
2026-06-01,23:30,182.57
2026-06-01,23:45,157.63
2026-06-02,00:00,167.2
2026-06-02,00:15,157.38
2026-06-02,00:30,151.39
2026-06-02,00:45,142.59
2026-06-02,01:00,250.01
2026-06-02,01:15,143.17
2026-06-02,01:30,140.67
2026-06-02,01:45,131.06
2026-06-02,02:00,147.06
2026-06-02,02:15,130.53
2026-06-02,02:30,128.11
2026-06-02,02:45,123.32
2026-06-02,03:00,132.05
2026-06-02,03:15,125.68
2026-06-02,03:30,124.27
2026-06-02,03:45,121.57
2026-06-02,04:00,128.87
2026-06-02,04:15,125.66
2026-06-02,04:30,124.61
2026-06-02,04:45,119.67
2026-06-02,05:00,120.55
2026-06-02,05:15,119.62
2026-06-02,05:30,121.36
2026-06-02,05:45,129.23
2026-06-02,06:00,119.55
2026-06-02,06:15,120.69
2026-06-02,06:30,123.92
2026-06-02,06:45,128.79
2026-06-02,07:00,129.53
2026-06-02,07:15,135.34
2026-06-02,07:30,133.68
2026-06-02,07:45,125.74
2026-06-02,08:00,142.77
2026-06-02,08:15,136.95
2026-06-02,08:30,132.98
2026-06-02,08:45,128.02
2026-06-02,09:00,133.72
2026-06-02,09:15,130.44
2026-06-02,09:30,121.78
2026-06-02,09:45,110.93
2026-06-02,10:00,121.38
2026-06-02,10:15,110.11
2026-06-02,10:30,100.63
2026-06-02,10:45,95.5
2026-06-02,11:00,100.68
2026-06-02,11:15,95.5
2026-06-02,11:30,91.74
2026-06-02,11:45,82.48
2026-06-02,12:00,92.69
2026-06-02,12:15,88.81
2026-06-02,12:30,85.42
2026-06-02,12:45,84.03
2026-06-02,13:00,85.88
2026-06-02,13:15,85.63
2026-06-02,13:30,85.62
2026-06-02,13:45,85.8
2026-06-02,14:00,82.65
2026-06-02,14:15,88.34
2026-06-02,14:30,89.29
2026-06-02,14:45,90.42
2026-06-02,15:00,87.82
2026-06-02,15:15,91.87
2026-06-02,15:30,95.46
2026-06-02,15:45,98.97
2026-06-02,16:00,94.28
2026-06-02,16:15,98.87
2026-06-02,16:30,105.29
2026-06-02,16:45,112.9
2026-06-02,17:00,103.9
2026-06-02,17:15,110.57
2026-06-02,17:30,117.8
2026-06-02,17:45,129.68
2026-06-02,18:00,123.4
2026-06-02,18:15,129.26
2026-06-02,18:30,137.3
2026-06-02,18:45,144.69
2026-06-02,19:00,139.18
2026-06-02,19:15,146.13
2026-06-02,19:30,152.19
2026-06-02,19:45,166.83
2026-06-02,20:00,157.35
2026-06-02,20:15,166.57
2026-06-02,20:30,176.82
2026-06-02,20:45,178.88
2026-06-02,21:00,176.87
2026-06-02,21:15,167.54
2026-06-02,21:30,163.75
2026-06-02,21:45,161.05
2026-06-02,22:00,195.1
2026-06-02,22:15,170.0
2026-06-02,22:30,157.93
2026-06-02,22:45,152.19
2026-06-02,23:00,160.45
2026-06-02,23:15,153.31
2026-06-02,23:30,151.37
2026-06-02,23:45,138.87
2026-06-03,00:00,142.05
2026-06-03,00:15,131.32
2026-06-03,00:30,127.76
2026-06-03,00:45,115.81
2026-06-03,01:00,124.62
2026-06-03,01:15,123.57
2026-06-03,01:30,120.33
2026-06-03,01:45,117.1
2026-06-03,02:00,117.93
2026-06-03,02:15,115.44
2026-06-03,02:30,114.13
2026-06-03,02:45,111.85
2026-06-03,03:00,113.66
2026-06-03,03:15,111.94
2026-06-03,03:30,108.72
2026-06-03,03:45,107.5
2026-06-03,04:00,110.13
2026-06-03,04:15,110.22
2026-06-03,04:30,110.54
2026-06-03,04:45,112.95
2026-06-03,05:00,110.52
2026-06-03,05:15,110.54
2026-06-03,05:30,111.94
2026-06-03,05:45,111.93
2026-06-03,06:00,107.76
2026-06-03,06:15,112.99
2026-06-03,06:30,118.19
2026-06-03,06:45,125.79
2026-06-03,07:00,130.23
2026-06-03,07:15,133.13
2026-06-03,07:30,135.22
2026-06-03,07:45,136.11
2026-06-03,08:00,147.72
2026-06-03,08:15,142.74
2026-06-03,08:30,137.09
2026-06-03,08:45,132.83
2026-06-03,09:00,149.13
2026-06-03,09:15,138.54
2026-06-03,09:30,132.32
2026-06-03,09:45,116.03
2026-06-03,10:00,134.64
2026-06-03,10:15,120.07
2026-06-03,10:30,109.2
2026-06-03,10:45,95.08
2026-06-03,11:00,106.08
2026-06-03,11:15,96.38
2026-06-03,11:30,92.4
2026-06-03,11:45,85.63
2026-06-03,12:00,88.64
2026-06-03,12:15,82.26
2026-06-03,12:30,79.29
2026-06-03,12:45,67.48
2026-06-03,13:00,81.13
2026-06-03,13:15,67.0
2026-06-03,13:30,63.08
2026-06-03,13:45,53.17
2026-06-03,14:00,63.08
2026-06-03,14:15,59.35
2026-06-03,14:30,56.23
2026-06-03,14:45,47.07
2026-06-03,15:00,46.5
2026-06-03,15:15,51.53
2026-06-03,15:30,52.32
2026-06-03,15:45,62.59
2026-06-03,16:00,40.58
2026-06-03,16:15,57.87
2026-06-03,16:30,54.76
2026-06-03,16:45,73.99
2026-06-03,17:00,46.09
2026-06-03,17:15,76.78
2026-06-03,17:30,84.56
2026-06-03,17:45,110.54
2026-06-03,18:00,70.04
2026-06-03,18:15,88.22
2026-06-03,18:30,110.77
2026-06-03,18:45,127.79
2026-06-03,19:00,107.43
2026-06-03,19:15,121.48
2026-06-03,19:30,137.23
2026-06-03,19:45,146.26
2026-06-03,20:00,132.06
2026-06-03,20:15,138.33
2026-06-03,20:30,149.0
2026-06-03,20:45,162.92
2026-06-03,21:00,151.1
2026-06-03,21:15,151.66
2026-06-03,21:30,148.77
2026-06-03,21:45,146.86
2026-06-03,22:00,152.99
2026-06-03,22:15,138.65
2026-06-03,22:30,126.74
2026-06-03,22:45,117.12
2026-06-03,23:00,134.91
2026-06-03,23:15,121.75
2026-06-03,23:30,111.98
2026-06-03,23:45,99.33
2026-06-04,00:00,108.47
2026-06-04,00:15,101.12
2026-06-04,00:30,94.75
2026-06-04,00:45,78.03
2026-06-04,01:00,100.39
2026-06-04,01:15,87.14
2026-06-04,01:30,81.07
2026-06-04,01:45,65.52
2026-06-04,02:00,76.55
2026-06-04,02:15,76.74
2026-06-04,02:30,71.18
2026-06-04,02:45,65.33
2026-06-04,03:00,66.28
2026-06-04,03:15,66.04
2026-06-04,03:30,64.52
2026-06-04,03:45,60.86
2026-06-04,04:00,65.83
2026-06-04,04:15,63.36
2026-06-04,04:30,64.55
2026-06-04,04:45,66.13
2026-06-04,05:00,63.83
2026-06-04,05:15,63.6
2026-06-04,05:30,62.54
2026-06-04,05:45,66.93
2026-06-04,06:00,65.76
2026-06-04,06:15,65.08
2026-06-04,06:30,65.37
2026-06-04,06:45,61.36
2026-06-04,07:00,66.78
2026-06-04,07:15,71.91
2026-06-04,07:30,73.33
2026-06-04,07:45,64.82
2026-06-04,08:00,91.7
2026-06-04,08:15,85.35
2026-06-04,08:30,83.16
2026-06-04,08:45,76.32
2026-06-04,09:00,101.81
2026-06-04,09:15,77.9
2026-06-04,09:30,58.1
2026-06-04,09:45,37.66
2026-06-04,10:00,63.02
2026-06-04,10:15,43.32
2026-06-04,10:30,20.29
2026-06-04,10:45,10.08
2026-06-04,11:00,26.1
2026-06-04,11:15,17.38
2026-06-04,11:30,12.43
2026-06-04,11:45,9.51
2026-06-04,12:00,11.0
2026-06-04,12:15,9.06
2026-06-04,12:30,7.12
2026-06-04,12:45,7.99
2026-06-04,13:00,10.29
2026-06-04,13:15,10.0
2026-06-04,13:30,9.8
2026-06-04,13:45,9.67
2026-06-04,14:00,9.78
2026-06-04,14:15,9.77
2026-06-04,14:30,9.78
2026-06-04,14:45,9.99
2026-06-04,15:00,8.12
2026-06-04,15:15,9.18
2026-06-04,15:30,9.99
2026-06-04,15:45,11.0
2026-06-04,16:00,10.01
2026-06-04,16:15,11.0
2026-06-04,16:30,11.01
2026-06-04,16:45,15.87
2026-06-04,17:00,6.74
2026-06-04,17:15,15.14
2026-06-04,17:30,37.41
2026-06-04,17:45,62.68
2026-06-04,18:00,36.61
2026-06-04,18:15,60.62
2026-06-04,18:30,82.72
2026-06-04,18:45,98.9
2026-06-04,19:00,70.95
2026-06-04,19:15,95.87
2026-06-04,19:30,118.42
2026-06-04,19:45,117.67
2026-06-04,20:00,104.14
2026-06-04,20:15,111.64
2026-06-04,20:30,117.11
2026-06-04,20:45,122.7
2026-06-04,21:00,111.73
2026-06-04,21:15,119.25
2026-06-04,21:30,121.56
2026-06-04,21:45,121.48
2026-06-04,22:00,116.87
2026-06-04,22:15,117.26
2026-06-04,22:30,116.29
2026-06-04,22:45,112.95
2026-06-04,23:00,116.93
2026-06-04,23:15,111.66
2026-06-04,23:30,109.46
2026-06-04,23:45,107.12
2026-06-05,00:00,105.56
2026-06-05,00:15,102.59
2026-06-05,00:30,97.98
2026-06-05,00:45,89.13
2026-06-05,01:00,97.08
2026-06-05,01:15,81.49
2026-06-05,01:30,75.77
2026-06-05,01:45,73.98
2026-06-05,02:00,82.02
2026-06-05,02:15,79.07
2026-06-05,02:30,80.6
2026-06-05,02:45,75.58
2026-06-05,03:00,71.3
2026-06-05,03:15,81.08
2026-06-05,03:30,84.86
2026-06-05,03:45,89.87
2026-06-05,04:00,87.49
2026-06-05,04:15,81.46
2026-06-05,04:30,75.93
2026-06-05,04:45,72.69
2026-06-05,05:00,71.5
2026-06-05,05:15,76.16
2026-06-05,05:30,83.0
2026-06-05,05:45,90.42
2026-06-05,06:00,80.4
2026-06-05,06:15,84.57
2026-06-05,06:30,90.41
2026-06-05,06:45,101.17
2026-06-05,07:00,106.79
2026-06-05,07:15,106.67
2026-06-05,07:30,107.01
2026-06-05,07:45,107.8
2026-06-05,08:00,123.54
2026-06-05,08:15,118.36
2026-06-05,08:30,118.37
2026-06-05,08:45,113.13
2026-06-05,09:00,118.38
2026-06-05,09:15,113.71
2026-06-05,09:30,109.33
2026-06-05,09:45,101.73
2026-06-05,10:00,115.29
2026-06-05,10:15,109.42
2026-06-05,10:30,90.23
2026-06-05,10:45,69.98
2026-06-05,11:00,105.2
2026-06-05,11:15,91.15
2026-06-05,11:30,74.24
2026-06-05,11:45,69.67
2026-06-05,12:00,80.62
2026-06-05,12:15,74.92
2026-06-05,12:30,65.62
2026-06-05,12:45,61.87
2026-06-05,13:00,58.73
2026-06-05,13:15,54.96
2026-06-05,13:30,46.07
2026-06-05,13:45,40.61
2026-06-05,14:00,50.0
2026-06-05,14:15,43.21
2026-06-05,14:30,39.55
2026-06-05,14:45,25.16
2026-06-05,15:00,33.28
2026-06-05,15:15,25.89
2026-06-05,15:30,28.54
2026-06-05,15:45,34.12
2026-06-05,16:00,17.53
2026-06-05,16:15,31.68
2026-06-05,16:30,54.51
2026-06-05,16:45,78.29
2026-06-05,17:00,48.16
2026-06-05,17:15,64.19
2026-06-05,17:30,83.22
2026-06-05,17:45,108.5
2026-06-05,18:00,71.01
2026-06-05,18:15,98.37
2026-06-05,18:30,116.89
2026-06-05,18:45,135.4
2026-06-05,19:00,101.21
2026-06-05,19:15,122.11
2026-06-05,19:30,139.75
2026-06-05,19:45,161.02
2026-06-05,20:00,129.03
2026-06-05,20:15,148.78
2026-06-05,20:30,160.79
2026-06-05,20:45,174.42
2026-06-05,21:00,165.51
2026-06-05,21:15,173.69
2026-06-05,21:30,189.9
2026-06-05,21:45,191.36
2026-06-05,22:00,196.15
2026-06-05,22:15,193.93
2026-06-05,22:30,189.14
2026-06-05,22:45,181.38
2026-06-05,23:00,184.18
2026-06-05,23:15,172.0
2026-06-05,23:30,164.97
2026-06-05,23:45,159.22
2026-06-06,00:00,164.87
2026-06-06,00:15,154.23
2026-06-06,00:30,148.48
2026-06-06,00:45,141.42
2026-06-06,01:00,159.53
2026-06-06,01:15,112.78
2026-06-06,01:30,105.45
2026-06-06,01:45,97.01
2026-06-06,02:00,108.95
2026-06-06,02:15,88.92
2026-06-06,02:30,87.67
2026-06-06,02:45,90.01
2026-06-06,03:00,129.26
2026-06-06,03:15,106.06
2026-06-06,03:30,109.73
2026-06-06,03:45,107.14
2026-06-06,04:00,116.28
2026-06-06,04:15,111.92
2026-06-06,04:30,111.92
2026-06-06,04:45,111.53
2026-06-06,05:00,95.01
2026-06-06,05:15,106.43
2026-06-06,05:30,111.91
2026-06-06,05:45,111.8
2026-06-06,06:00,107.96
2026-06-06,06:15,111.99
2026-06-06,06:30,117.28
2026-06-06,06:45,117.25
2026-06-06,07:00,119.27
2026-06-06,07:15,116.36
2026-06-06,07:30,112.38
2026-06-06,07:45,103.84
2026-06-06,08:00,119.4
2026-06-06,08:15,109.85
2026-06-06,08:30,95.05
2026-06-06,08:45,74.32
2026-06-06,09:00,104.68
2026-06-06,09:15,90.08
2026-06-06,09:30,69.82
2026-06-06,09:45,51.72
2026-06-06,10:00,68.97
2026-06-06,10:15,54.22
2026-06-06,10:30,54.86
2026-06-06,10:45,26.08
2026-06-06,11:00,60.11
2026-06-06,11:15,40.01
2026-06-06,11:30,36.56
2026-06-06,11:45,31.56
2026-06-06,12:00,47.28
2026-06-06,12:15,41.79
2026-06-06,12:30,33.24
2026-06-06,12:45,29.3
2026-06-06,13:00,43.72
2026-06-06,13:15,44.01
2026-06-06,13:30,38.66
2026-06-06,13:45,26.95
2026-06-06,14:00,39.29
2026-06-06,14:15,37.82
2026-06-06,14:30,36.05
2026-06-06,14:45,33.21
2026-06-06,15:00,36.77
2026-06-06,15:15,37.67
2026-06-06,15:30,35.76
2026-06-06,15:45,33.69
2026-06-06,16:00,29.76
2026-06-06,16:15,30.01
2026-06-06,16:30,33.74
2026-06-06,16:45,42.73
2026-06-06,17:00,12.52
2026-06-06,17:15,43.91
2026-06-06,17:30,53.36
2026-06-06,17:45,76.09
2026-06-06,18:00,56.16
2026-06-06,18:15,74.71
2026-06-06,18:30,97.51
2026-06-06,18:45,122.08
2026-06-06,19:00,103.47
2026-06-06,19:15,114.09
2026-06-06,19:30,126.04
2026-06-06,19:45,124.98
2026-06-06,20:00,121.11
2026-06-06,20:15,129.27
2026-06-06,20:30,133.05
2026-06-06,20:45,144.68
2026-06-06,21:00,136.3
2026-06-06,21:15,139.38
2026-06-06,21:30,145.43
2026-06-06,21:45,153.61
2026-06-06,22:00,156.75
2026-06-06,22:15,150.6
2026-06-06,22:30,142.42
2026-06-06,22:45,139.41
2026-06-06,23:00,143.86
2026-06-06,23:15,135.71
2026-06-06,23:30,129.11
2026-06-06,23:45,120.3
2026-06-07,00:00,128.56
2026-06-07,00:15,122.88
2026-06-07,00:30,118.49
2026-06-07,00:45,112.65
2026-06-07,01:00,124.49
2026-06-07,01:15,110.98
2026-06-07,01:30,107.36
2026-06-07,01:45,105.11
2026-06-07,02:00,105.49
2026-06-07,02:15,101.36
2026-06-07,02:30,98.55
2026-06-07,02:45,91.73
2026-06-07,03:00,106.72
2026-06-07,03:15,98.85
2026-06-07,03:30,97.66
2026-06-07,03:45,89.21
2026-06-07,04:00,97.66
2026-06-07,04:15,89.0
2026-06-07,04:30,84.94
2026-06-07,04:45,75.24
2026-06-07,05:00,79.56
2026-06-07,05:15,74.16
2026-06-07,05:30,65.95
2026-06-07,05:45,58.64
2026-06-07,06:00,61.4
2026-06-07,06:15,48.4
2026-06-07,06:30,37.23
2026-06-07,06:45,11.01
2026-06-07,07:00,8.34
2026-06-07,07:15,5.0
2026-06-07,07:30,4.39
2026-06-07,07:45,2.14
2026-06-07,08:00,1.89
2026-06-07,08:15,0.7
2026-06-07,08:30,0.88
2026-06-07,08:45,0.9
2026-06-07,09:00,1.63
2026-06-07,09:15,1.51
2026-06-07,09:30,1.38
2026-06-07,09:45,1.01
2026-06-07,10:00,1.68
2026-06-07,10:15,1.46
2026-06-07,10:30,0.85
2026-06-07,10:45,0.18
2026-06-07,11:00,1.08
2026-06-07,11:15,1.0
2026-06-07,11:30,0.37
2026-06-07,11:45,0.14
2026-06-07,12:00,1.72
2026-06-07,12:15,1.58
2026-06-07,12:30,1.45
2026-06-07,12:45,1.0
2026-06-07,13:00,1.31
2026-06-07,13:15,1.25
2026-06-07,13:30,0.68
2026-06-07,13:45,1.21
2026-06-07,14:00,0.96
2026-06-07,14:15,1.11
2026-06-07,14:30,1.39
2026-06-07,14:45,1.47
2026-06-07,15:00,0.85
2026-06-07,15:15,0.99
2026-06-07,15:30,1.16
2026-06-07,15:45,1.25
2026-06-07,16:00,0.31
2026-06-07,16:15,0.65
2026-06-07,16:30,1.95
2026-06-07,16:45,1.97
2026-06-07,17:00,2.3
2026-06-07,17:15,3.56
2026-06-07,17:30,4.25
2026-06-07,17:45,5.14
2026-06-07,18:00,4.99
2026-06-07,18:15,6.39
2026-06-07,18:30,7.98
2026-06-07,18:45,14.0
2026-06-07,19:00,5.0
2026-06-07,19:15,21.81
2026-06-07,19:30,80.55
2026-06-07,19:45,126.12
2026-06-07,20:00,85.5
2026-06-07,20:15,112.52
2026-06-07,20:30,123.63
2026-06-07,20:45,129.57
2026-06-07,21:00,125.0
2026-06-07,21:15,127.54
2026-06-07,21:30,130.0
2026-06-07,21:45,137.73
2026-06-07,22:00,133.71
2026-06-07,22:15,135.25
2026-06-07,22:30,138.96
2026-06-07,22:45,144.03
2026-06-07,23:00,145.5
2026-06-07,23:15,141.32
2026-06-07,23:30,137.48
2026-06-07,23:45,136.15
2026-06-08,00:00,145.78
2026-06-08,00:15,136.1
2026-06-08,00:30,133.69
2026-06-08,00:45,135.81
2026-06-08,01:00,149.87
2026-06-08,01:15,137.32
2026-06-08,01:30,134.47
2026-06-08,01:45,132.25
2026-06-08,02:00,135.5
2026-06-08,02:15,132.41
2026-06-08,02:30,130.89
2026-06-08,02:45,129.35
2026-06-08,03:00,131.03
2026-06-08,03:15,129.74
2026-06-08,03:30,128.37
2026-06-08,03:45,126.99
2026-06-08,04:00,126.73
2026-06-08,04:15,125.56
2026-06-08,04:30,124.14
2026-06-08,04:45,123.14
2026-06-08,05:00,127.09
2026-06-08,05:15,126.82
2026-06-08,05:30,124.44
2026-06-08,05:45,125.96
2026-06-08,06:00,131.48
2026-06-08,06:15,131.69
2026-06-08,06:30,138.24
2026-06-08,06:45,143.31
2026-06-08,07:00,149.03
2026-06-08,07:15,150.1
2026-06-08,07:30,147.96
2026-06-08,07:45,141.99
2026-06-08,08:00,165.85
2026-06-08,08:15,148.25
2026-06-08,08:30,144.52
2026-06-08,08:45,133.11
2026-06-08,09:00,144.84
2026-06-08,09:15,133.41
2026-06-08,09:30,128.7
2026-06-08,09:45,118.46
2026-06-08,10:00,127.24
2026-06-08,10:15,119.12
2026-06-08,10:30,111.47
2026-06-08,10:45,100.01
2026-06-08,11:00,108.32
2026-06-08,11:15,106.25
2026-06-08,11:30,96.48
2026-06-08,11:45,92.06
2026-06-08,12:00,97.56
2026-06-08,12:15,95.91
2026-06-08,12:30,81.66
2026-06-08,12:45,74.91
2026-06-08,13:00,95.05
2026-06-08,13:15,92.79
2026-06-08,13:30,87.14
2026-06-08,13:45,85.82
2026-06-08,14:00,85.04
2026-06-08,14:15,86.48
2026-06-08,14:30,86.21
2026-06-08,14:45,86.02
2026-06-08,15:00,76.51
2026-06-08,15:15,79.68
2026-06-08,15:30,92.7
2026-06-08,15:45,100.51
2026-06-08,16:00,81.39
2026-06-08,16:15,90.76
2026-06-08,16:30,102.07
2026-06-08,16:45,113.81
2026-06-08,17:00,89.2
2026-06-08,17:15,102.28
2026-06-08,17:30,110.98
2026-06-08,17:45,122.29
2026-06-08,18:00,111.42
2026-06-08,18:15,120.69
2026-06-08,18:30,133.1
2026-06-08,18:45,155.68
2026-06-08,19:00,132.36
2026-06-08,19:15,143.38
2026-06-08,19:30,161.61
2026-06-08,19:45,195.3
2026-06-08,20:00,170.88
2026-06-08,20:15,198.2
2026-06-08,20:30,218.11
2026-06-08,20:45,237.65
2026-06-08,21:00,214.12
2026-06-08,21:15,214.54
2026-06-08,21:30,218.3
2026-06-08,21:45,216.2
2026-06-08,22:00,226.02
2026-06-08,22:15,203.47
2026-06-08,22:30,183.87
2026-06-08,22:45,163.97
2026-06-08,23:00,184.19
2026-06-08,23:15,160.9
2026-06-08,23:30,141.71
2026-06-08,23:45,132.33
2026-06-09,00:00,141.67
2026-06-09,00:15,128.72
2026-06-09,00:30,127.84
2026-06-09,00:45,121.71
2026-06-09,01:00,151.48
2026-06-09,01:15,136.22
2026-06-09,01:30,129.8
2026-06-09,01:45,123.7
2026-06-09,02:00,129.45
2026-06-09,02:15,127.46
2026-06-09,02:30,124.94
2026-06-09,02:45,123.82
2026-06-09,03:00,122.84
2026-06-09,03:15,120.38
2026-06-09,03:30,122.32
2026-06-09,03:45,117.66
2026-06-09,04:00,119.31
2026-06-09,04:15,116.63
2026-06-09,04:30,116.13
2026-06-09,04:45,114.12
2026-06-09,05:00,117.83
2026-06-09,05:15,117.8
2026-06-09,05:30,113.43
2026-06-09,05:45,110.57
2026-06-09,06:00,111.77
2026-06-09,06:15,112.63
2026-06-09,06:30,114.6
2026-06-09,06:45,125.48
2026-06-09,07:00,132.41
2026-06-09,07:15,138.31
2026-06-09,07:30,141.4
2026-06-09,07:45,141.81
2026-06-09,08:00,154.63
2026-06-09,08:15,148.01
2026-06-09,08:30,146.79
2026-06-09,08:45,138.74
2026-06-09,09:00,141.32
2026-06-09,09:15,133.93
2026-06-09,09:30,130.03
2026-06-09,09:45,118.55
2026-06-09,10:00,130.25
2026-06-09,10:15,115.34
2026-06-09,10:30,108.54
2026-06-09,10:45,95.05
2026-06-09,11:00,116.02
2026-06-09,11:15,92.75
2026-06-09,11:30,83.07
2026-06-09,11:45,68.75
2026-06-09,12:00,100.0
2026-06-09,12:15,71.83
2026-06-09,12:30,60.01
2026-06-09,12:45,43.18
2026-06-09,13:00,62.33
2026-06-09,13:15,50.39
2026-06-09,13:30,39.06
2026-06-09,13:45,27.2
2026-06-09,14:00,49.32
2026-06-09,14:15,40.75
2026-06-09,14:30,42.31
2026-06-09,14:45,39.35
2026-06-09,15:00,51.77
2026-06-09,15:15,40.01
2026-06-09,15:30,35.33
2026-06-09,15:45,35.59
2026-06-09,16:00,27.37
2026-06-09,16:15,35.76
2026-06-09,16:30,38.66
2026-06-09,16:45,58.41
2026-06-09,17:00,22.7
2026-06-09,17:15,35.55
2026-06-09,17:30,43.6
2026-06-09,17:45,79.07
2026-06-09,18:00,37.98
2026-06-09,18:15,80.68
2026-06-09,18:30,125.59
2026-06-09,18:45,139.3
2026-06-09,19:00,106.84
2026-06-09,19:15,130.02
2026-06-09,19:30,145.49
2026-06-09,19:45,157.85
2026-06-09,20:00,130.24
2026-06-09,20:15,149.09
2026-06-09,20:30,158.44
2026-06-09,20:45,158.89
2026-06-09,21:00,145.32
2026-06-09,21:15,149.72
2026-06-09,21:30,155.44
2026-06-09,21:45,161.68
2026-06-09,22:00,157.7
2026-06-09,22:15,158.54
2026-06-09,22:30,157.13
2026-06-09,22:45,150.73
2026-06-09,23:00,152.57
2026-06-09,23:15,149.75
2026-06-09,23:30,143.92
2026-06-09,23:45,131.79
2026-06-10,00:00,141.1
2026-06-10,00:15,131.4
2026-06-10,00:30,128.15
2026-06-10,00:45,119.42
2026-06-10,01:00,99.95
2026-06-10,01:15,110.18
2026-06-10,01:30,87.41
2026-06-10,01:45,67.17
2026-06-10,02:00,87.03
2026-06-10,02:15,83.91
2026-06-10,02:30,78.61
2026-06-10,02:45,77.23
2026-06-10,03:00,106.99
2026-06-10,03:15,99.91
2026-06-10,03:30,104.16
2026-06-10,03:45,97.0
2026-06-10,04:00,106.99
2026-06-10,04:15,94.74
2026-06-10,04:30,88.08
2026-06-10,04:45,67.03
2026-06-10,05:00,97.01
2026-06-10,05:15,87.86
2026-06-10,05:30,69.81
2026-06-10,05:45,68.45
2026-06-10,06:00,26.43
2026-06-10,06:15,57.86
2026-06-10,06:30,77.57
2026-06-10,06:45,121.96
2026-06-10,07:00,40.31
2026-06-10,07:15,78.39
2026-06-10,07:30,103.24
2026-06-10,07:45,107.83
2026-06-10,08:00,121.74
2026-06-10,08:15,121.96
2026-06-10,08:30,104.42
2026-06-10,08:45,95.61
2026-06-10,09:00,104.13
2026-06-10,09:15,100.7
2026-06-10,09:30,58.83
2026-06-10,09:45,30.01
2026-06-10,10:00,74.31
2026-06-10,10:15,57.11
2026-06-10,10:30,33.57
2026-06-10,10:45,14.76
2026-06-10,11:00,62.86
2026-06-10,11:15,46.81
2026-06-10,11:30,25.09
2026-06-10,11:45,14.77
2026-06-10,12:00,41.94
2026-06-10,12:15,32.33
2026-06-10,12:30,20.01
2026-06-10,12:45,14.0
2026-06-10,13:00,29.62
2026-06-10,13:15,20.65
2026-06-10,13:30,14.73
2026-06-10,13:45,12.04
2026-06-10,14:00,16.08
2026-06-10,14:15,14.01
2026-06-10,14:30,13.8
2026-06-10,14:45,12.01
2026-06-10,15:00,10.21
2026-06-10,15:15,10.21
2026-06-10,15:30,10.24
2026-06-10,15:45,10.11
2026-06-10,16:00,12.03
2026-06-10,16:15,17.38
2026-06-10,16:30,60.43
2026-06-10,16:45,97.06
2026-06-10,17:00,47.25
2026-06-10,17:15,94.1
2026-06-10,17:30,106.14
2026-06-10,17:45,121.09
2026-06-10,18:00,94.69
2026-06-10,18:15,110.92
2026-06-10,18:30,130.02
2026-06-10,18:45,140.99
2026-06-10,19:00,123.95
2026-06-10,19:15,141.12
2026-06-10,19:30,145.55
2026-06-10,19:45,149.38
2026-06-10,20:00,145.42
2026-06-10,20:15,157.07
2026-06-10,20:30,173.9
2026-06-10,20:45,197.81
2026-06-10,21:00,181.37
2026-06-10,21:15,194.83
2026-06-10,21:30,213.17
2026-06-10,21:45,224.23
2026-06-10,22:00,213.96
2026-06-10,22:15,199.56
2026-06-10,22:30,189.0
2026-06-10,22:45,182.15
2026-06-10,23:00,186.2
2026-06-10,23:15,173.43
2026-06-10,23:30,159.57
2026-06-10,23:45,146.84
2026-06-11,00:00,164.36
2026-06-11,00:15,145.36
2026-06-11,00:30,142.61
2026-06-11,00:45,140.2
2026-06-11,01:00,225.04
2026-06-11,01:15,140.88
2026-06-11,01:30,138.17
2026-06-11,01:45,135.74
2026-06-11,02:00,137.53
2026-06-11,02:15,133.86
2026-06-11,02:30,132.11
2026-06-11,02:45,129.5
2026-06-11,03:00,128.74
2026-06-11,03:15,126.59
2026-06-11,03:30,124.7
2026-06-11,03:45,123.72
2026-06-11,04:00,126.5
2026-06-11,04:15,124.74
2026-06-11,04:30,125.5
2026-06-11,04:45,123.64
2026-06-11,05:00,124.02
2026-06-11,05:15,123.95
2026-06-11,05:30,124.05
2026-06-11,05:45,125.43
2026-06-11,06:00,123.85
2026-06-11,06:15,123.7
2026-06-11,06:30,125.18
2026-06-11,06:45,128.45
2026-06-11,07:00,134.63
2026-06-11,07:15,140.93
2026-06-11,07:30,139.62
2026-06-11,07:45,134.0
2026-06-11,08:00,161.87
2026-06-11,08:15,143.13
2026-06-11,08:30,138.3
2026-06-11,08:45,130.18
2026-06-11,09:00,145.5
2026-06-11,09:15,138.34
2026-06-11,09:30,130.44
2026-06-11,09:45,113.25
2026-06-11,10:00,124.46
2026-06-11,10:15,113.72
2026-06-11,10:30,105.19
2026-06-11,10:45,95.16
2026-06-11,11:00,107.06
2026-06-11,11:15,94.72
2026-06-11,11:30,88.12
2026-06-11,11:45,83.97
2026-06-11,12:00,90.79
2026-06-11,12:15,80.78
2026-06-11,12:30,92.94
2026-06-11,12:45,96.26
2026-06-11,13:00,99.36
2026-06-11,13:15,94.94
2026-06-11,13:30,91.98
2026-06-11,13:45,81.62
2026-06-11,14:00,91.74
2026-06-11,14:15,65.83
2026-06-11,14:30,56.67
2026-06-11,14:45,41.67
2026-06-11,15:00,49.47
2026-06-11,15:15,48.89
2026-06-11,15:30,46.46
2026-06-11,15:45,52.79
2026-06-11,16:00,50.96
2026-06-11,16:15,59.47
2026-06-11,16:30,60.18
2026-06-11,16:45,78.31
2026-06-11,17:00,53.4
2026-06-11,17:15,74.86
2026-06-11,17:30,87.19
2026-06-11,17:45,108.01
2026-06-11,18:00,81.02
2026-06-11,18:15,103.32
2026-06-11,18:30,112.01
2026-06-11,18:45,127.22
2026-06-11,19:00,116.23
2026-06-11,19:15,126.2
2026-06-11,19:30,138.08
2026-06-11,19:45,156.65
2026-06-11,20:00,131.15
2026-06-11,20:15,145.52
2026-06-11,20:30,155.66
2026-06-11,20:45,173.61
2026-06-11,21:00,163.04
2026-06-11,21:15,170.42
2026-06-11,21:30,180.88
2026-06-11,21:45,185.43
2026-06-11,22:00,182.19
2026-06-11,22:15,172.57
2026-06-11,22:30,163.37
2026-06-11,22:45,145.09
2026-06-11,23:00,149.46
2026-06-11,23:15,139.99
2026-06-11,23:30,129.53
2026-06-11,23:45,117.53
2026-06-12,00:00,131.24
2026-06-12,00:15,119.45
2026-06-12,00:30,114.88
2026-06-12,00:45,102.92
2026-06-12,01:00,146.05
2026-06-12,01:15,118.55
2026-06-12,01:30,114.14
2026-06-12,01:45,107.69
2026-06-12,02:00,113.47
2026-06-12,02:15,109.56
2026-06-12,02:30,101.52
2026-06-12,02:45,91.47
2026-06-12,03:00,103.39
2026-06-12,03:15,98.16
2026-06-12,03:30,96.01
2026-06-12,03:45,88.37
2026-06-12,04:00,96.03
2026-06-12,04:15,93.41
2026-06-12,04:30,92.07
2026-06-12,04:45,92.35
2026-06-12,05:00,91.23
2026-06-12,05:15,92.99
2026-06-12,05:30,94.46
2026-06-12,05:45,97.15
2026-06-12,06:00,90.27
2026-06-12,06:15,93.43
2026-06-12,06:30,101.08
2026-06-12,06:45,117.71
2026-06-12,07:00,122.05
2026-06-12,07:15,127.96
2026-06-12,07:30,121.55
2026-06-12,07:45,123.6
2026-06-12,08:00,126.97
2026-06-12,08:15,125.81
2026-06-12,08:30,121.2
2026-06-12,08:45,119.75
2026-06-12,09:00,134.71
2026-06-12,09:15,132.58
2026-06-12,09:30,119.02
2026-06-12,09:45,109.97
2026-06-12,10:00,127.33
2026-06-12,10:15,119.3
2026-06-12,10:30,107.76
2026-06-12,10:45,105.23
2026-06-12,11:00,109.8
2026-06-12,11:15,102.86
2026-06-12,11:30,94.06
2026-06-12,11:45,89.65
2026-06-12,12:00,96.43
2026-06-12,12:15,91.35
2026-06-12,12:30,90.09
2026-06-12,12:45,81.85
2026-06-12,13:00,87.16
2026-06-12,13:15,80.12
2026-06-12,13:30,84.12
2026-06-12,13:45,82.87
2026-06-12,14:00,77.45
2026-06-12,14:15,76.11
2026-06-12,14:30,74.74
2026-06-12,14:45,69.69
2026-06-12,15:00,63.63
2026-06-12,15:15,65.2
2026-06-12,15:30,67.18
2026-06-12,15:45,72.11
2026-06-12,16:00,57.34
2026-06-12,16:15,56.14
2026-06-12,16:30,66.21
2026-06-12,16:45,71.92
2026-06-12,17:00,57.98
2026-06-12,17:15,68.94
2026-06-12,17:30,77.98
2026-06-12,17:45,93.04
2026-06-12,18:00,66.99
2026-06-12,18:15,83.81
2026-06-12,18:30,123.94
2026-06-12,18:45,239.01
2026-06-12,19:00,99.98
2026-06-12,19:15,159.99
2026-06-12,19:30,248.29
2026-06-12,19:45,359.01
2026-06-12,20:00,123.97
2026-06-12,20:15,125.0
2026-06-12,20:30,130.54
2026-06-12,20:45,131.49
2026-06-12,21:00,131.98
2026-06-12,21:15,137.11
2026-06-12,21:30,150.0
2026-06-12,21:45,147.76
2026-06-12,22:00,168.91
2026-06-12,22:15,145.68
2026-06-12,22:30,126.96
2026-06-12,22:45,119.78
2026-06-12,23:00,215.14
2026-06-12,23:15,165.17
2026-06-12,23:30,116.88
2026-06-12,23:45,106.3
2026-06-13,00:00,108.67
2026-06-13,00:15,101.92
2026-06-13,00:30,100.1
2026-06-13,00:45,96.45
2026-06-13,01:00,109.55
2026-06-13,01:15,103.32
2026-06-13,01:30,95.47
2026-06-13,01:45,88.94
2026-06-13,02:00,93.68
2026-06-13,02:15,92.1
2026-06-13,02:30,87.79
2026-06-13,02:45,86.43
2026-06-13,03:00,80.75
2026-06-13,03:15,81.03
2026-06-13,03:30,76.04
2026-06-13,03:45,76.43
2026-06-13,04:00,86.43
2026-06-13,04:15,86.42
2026-06-13,04:30,86.96
2026-06-13,04:45,84.15
2026-06-13,05:00,85.63
2026-06-13,05:15,79.2
2026-06-13,05:30,74.17
2026-06-13,05:45,77.1
2026-06-13,06:00,87.69
2026-06-13,06:15,75.27
2026-06-13,06:30,36.34
2026-06-13,06:45,34.67
2026-06-13,07:00,45.79
2026-06-13,07:15,32.99
2026-06-13,07:30,26.26
2026-06-13,07:45,15.36
2026-06-13,08:00,30.68
2026-06-13,08:15,14.84
2026-06-13,08:30,7.0
2026-06-13,08:45,2.38
2026-06-13,09:00,4.99
2026-06-13,09:15,5.0
2026-06-13,09:30,5.4
2026-06-13,09:45,4.99
2026-06-13,10:00,10.33
2026-06-13,10:15,10.23
2026-06-13,10:30,9.73
2026-06-13,10:45,9.21
2026-06-13,11:00,10.57
2026-06-13,11:15,9.56
2026-06-13,11:30,11.55
2026-06-13,11:45,10.11
2026-06-13,12:00,10.39
2026-06-13,12:15,10.0
2026-06-13,12:30,9.97
2026-06-13,12:45,10.52
2026-06-13,13:00,11.35
2026-06-13,13:15,12.44
2026-06-13,13:30,14.35
2026-06-13,13:45,16.06
2026-06-13,14:00,14.0
2026-06-13,14:15,13.76
2026-06-13,14:30,15.01
2026-06-13,14:45,19.07
2026-06-13,15:00,11.52
2026-06-13,15:15,14.78
2026-06-13,15:30,19.61
2026-06-13,15:45,19.8
2026-06-13,16:00,11.1
2026-06-13,16:15,13.77
2026-06-13,16:30,20.09
2026-06-13,16:45,23.19
2026-06-13,17:00,18.0
2026-06-13,17:15,22.79
2026-06-13,17:30,25.08
2026-06-13,17:45,28.77
2026-06-13,18:00,30.07
2026-06-13,18:15,32.42
2026-06-13,18:30,36.65
2026-06-13,18:45,45.14
2026-06-13,19:00,17.37
2026-06-13,19:15,23.54
2026-06-13,19:30,30.81
2026-06-13,19:45,144.33
2026-06-13,20:00,99.97
2026-06-13,20:15,123.95
2026-06-13,20:30,46.42
2026-06-13,20:45,103.58
2026-06-13,21:00,44.0
2026-06-13,21:15,71.85
2026-06-13,21:30,76.94
2026-06-13,21:45,74.77
2026-06-13,22:00,77.83
2026-06-13,22:15,78.04
2026-06-13,22:30,79.45
2026-06-13,22:45,78.52
2026-06-13,23:00,86.22
2026-06-13,23:15,82.39
2026-06-13,23:30,81.22
2026-06-13,23:45,80.83
2026-06-14,00:00,78.68
2026-06-14,00:15,78.78
2026-06-14,00:30,74.15
2026-06-14,00:45,69.86
2026-06-14,01:00,92.81
2026-06-14,01:15,65.01
2026-06-14,01:30,61.52
2026-06-14,01:45,44.48
2026-06-14,02:00,57.8
2026-06-14,02:15,30.77
2026-06-14,02:30,25.18
2026-06-14,02:45,15.0
2026-06-14,03:00,23.45
2026-06-14,03:15,9.43
2026-06-14,03:30,6.91
2026-06-14,03:45,6.55
2026-06-14,04:00,6.05
2026-06-14,04:15,4.67
2026-06-14,04:30,4.69
2026-06-14,04:45,4.68
2026-06-14,05:00,3.32
2026-06-14,05:15,6.87
2026-06-14,05:30,5.19
2026-06-14,05:45,4.86
2026-06-14,06:00,4.67
2026-06-14,06:15,4.67
2026-06-14,06:30,4.66
2026-06-14,06:45,4.67
2026-06-14,07:00,4.96
2026-06-14,07:15,4.82
2026-06-14,07:30,4.29
2026-06-14,07:45,1.71
2026-06-14,08:00,1.88
2026-06-14,08:15,0.07
2026-06-14,08:30,0.0
2026-06-14,08:45,0.0
2026-06-14,09:00,0.0
2026-06-14,09:15,0.0
2026-06-14,09:30,0.0
2026-06-14,09:45,0.0
2026-06-14,10:00,0.0
2026-06-14,10:15,0.0
2026-06-14,10:30,0.0
2026-06-14,10:45,0.0
2026-06-14,11:00,0.0
2026-06-14,11:15,0.0
2026-06-14,11:30,0.0
2026-06-14,11:45,0.0
2026-06-14,12:00,0.0
2026-06-14,12:15,0.0
2026-06-14,12:30,0.0
2026-06-14,12:45,0.0
2026-06-14,13:00,0.07
2026-06-14,13:15,0.24
2026-06-14,13:30,0.01
2026-06-14,13:45,0.08
2026-06-14,14:00,0.0
2026-06-14,14:15,-0.01
2026-06-14,14:30,-0.01
2026-06-14,14:45,0.0
2026-06-14,15:00,0.19
2026-06-14,15:15,0.83
2026-06-14,15:30,0.83
2026-06-14,15:45,0.97
2026-06-14,16:00,0.94
2026-06-14,16:15,0.93
2026-06-14,16:30,1.07
2026-06-14,16:45,1.28
2026-06-14,17:00,1.72
2026-06-14,17:15,1.76
2026-06-14,17:30,1.82
2026-06-14,17:45,1.99
2026-06-14,18:00,1.99
2026-06-14,18:15,2.18
2026-06-14,18:30,3.04
2026-06-14,18:45,3.23
2026-06-14,19:00,8.47
2026-06-14,19:15,10.87
2026-06-14,19:30,19.19
2026-06-14,19:45,47.22
2026-06-14,20:00,34.46
2026-06-14,20:15,89.55
2026-06-14,20:30,89.34
2026-06-14,20:45,108.06
2026-06-14,21:00,88.08
2026-06-14,21:15,91.19
2026-06-14,21:30,92.55
2026-06-14,21:45,90.2
2026-06-14,22:00,96.54
2026-06-14,22:15,95.69
2026-06-14,22:30,93.94
2026-06-14,22:45,90.6
2026-06-14,23:00,98.75
2026-06-14,23:15,93.56
2026-06-14,23:30,85.16
2026-06-14,23:45,36.8
2026-06-15,00:00,73.45
2026-06-15,00:15,45.7
2026-06-15,00:30,27.84
2026-06-15,00:45,17.54
2026-06-15,01:00,50.04
2026-06-15,01:15,35.32
2026-06-15,01:30,26.61
2026-06-15,01:45,23.81
2026-06-15,02:00,41.02
2026-06-15,02:15,28.71
2026-06-15,02:30,24.74
2026-06-15,02:45,25.54
2026-06-15,03:00,33.02
2026-06-15,03:15,28.01
2026-06-15,03:30,30.01
2026-06-15,03:45,30.35
2026-06-15,04:00,30.02
2026-06-15,04:15,27.85
2026-06-15,04:30,27.85
2026-06-15,04:45,27.84
2026-06-15,05:00,20.37
2026-06-15,05:15,27.54
2026-06-15,05:30,32.97
2026-06-15,05:45,87.14
2026-06-15,06:00,42.66
2026-06-15,06:15,104.16
2026-06-15,06:30,104.82
2026-06-15,06:45,108.36
2026-06-15,07:00,106.1
2026-06-15,07:15,110.09
2026-06-15,07:30,112.88
2026-06-15,07:45,109.9
2026-06-15,08:00,116.27
2026-06-15,08:15,111.55
2026-06-15,08:30,106.72
2026-06-15,08:45,95.21
2026-06-15,09:00,112.32
2026-06-15,09:15,103.03
2026-06-15,09:30,91.98
2026-06-15,09:45,71.7
2026-06-15,10:00,95.69
2026-06-15,10:15,79.35
2026-06-15,10:30,56.04
2026-06-15,10:45,28.5
2026-06-15,11:00,52.83
2026-06-15,11:15,34.06
2026-06-15,11:30,30.52
2026-06-15,11:45,26.02
2026-06-15,12:00,40.67
2026-06-15,12:15,32.2
2026-06-15,12:30,41.28
2026-06-15,12:45,36.96
2026-06-15,13:00,50.06
2026-06-15,13:15,46.94
2026-06-15,13:30,33.74
2026-06-15,13:45,28.32
2026-06-15,14:00,44.8
2026-06-15,14:15,35.81
2026-06-15,14:30,32.62
2026-06-15,14:45,26.81
2026-06-15,15:00,35.13
2026-06-15,15:15,33.08
2026-06-15,15:30,28.1
2026-06-15,15:45,28.28
2026-06-15,16:00,25.02
2026-06-15,16:15,24.33
2026-06-15,16:30,25.8
2026-06-15,16:45,26.68
2026-06-15,17:00,16.0
2026-06-15,17:15,18.77
2026-06-15,17:30,19.04
2026-06-15,17:45,29.28
2026-06-15,18:00,9.6
2026-06-15,18:15,36.19
2026-06-15,18:30,54.5
2026-06-15,18:45,92.2
2026-06-15,19:00,47.75
2026-06-15,19:15,79.57
2026-06-15,19:30,111.02
2026-06-15,19:45,130.67
2026-06-15,20:00,107.64
2026-06-15,20:15,120.51
2026-06-15,20:30,135.95
2026-06-15,20:45,149.42
2026-06-15,21:00,129.49
2026-06-15,21:15,141.64
2026-06-15,21:30,155.39
2026-06-15,21:45,170.98
2026-06-15,22:00,149.8
2026-06-15,22:15,155.69
2026-06-15,22:30,157.67
2026-06-15,22:45,150.46
2026-06-15,23:00,160.55
2026-06-15,23:15,153.17
2026-06-15,23:30,152.37
2026-06-15,23:45,139.48
2026-06-16,00:00,144.81
2026-06-16,00:15,131.23
2026-06-16,00:30,128.99
2026-06-16,00:45,124.95
2026-06-16,01:00,130.09
2026-06-16,01:15,125.3
2026-06-16,01:30,117.2
2026-06-16,01:45,113.69
2026-06-16,02:00,117.14
2026-06-16,02:15,114.4
2026-06-16,02:30,114.17
2026-06-16,02:45,112.93
2026-06-16,03:00,114.07
2026-06-16,03:15,112.82
2026-06-16,03:30,97.51
2026-06-16,03:45,98.21
2026-06-16,04:00,104.4
2026-06-16,04:15,104.63
2026-06-16,04:30,101.56
2026-06-16,04:45,96.22
2026-06-16,05:00,94.24
2026-06-16,05:15,94.36
2026-06-16,05:30,95.44
2026-06-16,05:45,104.55
2026-06-16,06:00,109.93
2026-06-16,06:15,110.65
2026-06-16,06:30,114.53
2026-06-16,06:45,116.5
2026-06-16,07:00,123.64
2026-06-16,07:15,125.57
2026-06-16,07:30,126.7
2026-06-16,07:45,126.89
2026-06-16,08:00,136.98
2026-06-16,08:15,131.23
2026-06-16,08:30,129.21
2026-06-16,08:45,121.28
2026-06-16,09:00,142.01
2026-06-16,09:15,130.67
2026-06-16,09:30,127.6
2026-06-16,09:45,125.07
2026-06-16,10:00,116.01
2026-06-16,10:15,112.57
2026-06-16,10:30,104.85
2026-06-16,10:45,100.12
2026-06-16,11:00,111.88
2026-06-16,11:15,104.24
2026-06-16,11:30,89.64
2026-06-16,11:45,52.57
2026-06-16,12:00,58.03
2026-06-16,12:15,49.99
2026-06-16,12:30,60.02
2026-06-16,12:45,56.09
2026-06-16,13:00,64.33
2026-06-16,13:15,59.39
2026-06-16,13:30,61.65
2026-06-16,13:45,53.16
2026-06-16,14:00,67.5
2026-06-16,14:15,61.15
2026-06-16,14:30,52.19
2026-06-16,14:45,41.43
2026-06-16,15:00,43.46
2026-06-16,15:15,48.32
2026-06-16,15:30,47.82
2026-06-16,15:45,52.6
2026-06-16,16:00,48.36
2026-06-16,16:15,54.99
2026-06-16,16:30,58.53
2026-06-16,16:45,58.09
2026-06-16,17:00,41.98
2026-06-16,17:15,49.39
2026-06-16,17:30,30.02
2026-06-16,17:45,35.41
2026-06-16,18:00,29.99
2026-06-16,18:15,34.98
2026-06-16,18:30,37.01
2026-06-16,18:45,41.23
2026-06-16,19:00,41.9
2026-06-16,19:15,119.48
2026-06-16,19:30,39.26
2026-06-16,19:45,119.37
2026-06-16,20:00,126.99
2026-06-16,20:15,141.8
2026-06-16,20:30,153.43
2026-06-16,20:45,168.05
2026-06-16,21:00,150.51
2026-06-16,21:15,169.86
2026-06-16,21:30,180.35
2026-06-16,21:45,193.54
2026-06-16,22:00,188.94
2026-06-16,22:15,195.15
2026-06-16,22:30,183.18
2026-06-16,22:45,163.89
2026-06-16,23:00,193.81
2026-06-16,23:15,164.61
2026-06-16,23:30,154.0
2026-06-16,23:45,148.37
2026-06-17,00:00,149.75
2026-06-17,00:15,144.04
2026-06-17,00:30,138.46
2026-06-17,00:45,132.45
2026-06-17,01:00,146.2
2026-06-17,01:15,140.46
2026-06-17,01:30,136.45
2026-06-17,01:45,131.58
2026-06-17,02:00,140.94
2026-06-17,02:15,131.63
2026-06-17,02:30,130.3
2026-06-17,02:45,127.25
2026-06-17,03:00,128.66
2026-06-17,03:15,125.71
2026-06-17,03:30,125.66
2026-06-17,03:45,124.9
2026-06-17,04:00,125.4
2026-06-17,04:15,124.16
2026-06-17,04:30,124.66
2026-06-17,04:45,123.62
2026-06-17,05:00,123.02
2026-06-17,05:15,123.71
2026-06-17,05:30,124.43
2026-06-17,05:45,126.08
2026-06-17,06:00,122.99
2026-06-17,06:15,123.44
2026-06-17,06:30,125.39
2026-06-17,06:45,128.04
2026-06-17,07:00,134.68
2026-06-17,07:15,140.2
2026-06-17,07:30,143.99
2026-06-17,07:45,136.01
2026-06-17,08:00,148.47
2026-06-17,08:15,136.97
2026-06-17,08:30,134.37
2026-06-17,08:45,122.67
2026-06-17,09:00,132.36
2026-06-17,09:15,125.15
2026-06-17,09:30,114.51
2026-06-17,09:45,107.07
2026-06-17,10:00,116.33
2026-06-17,10:15,102.66
2026-06-17,10:30,98.15
2026-06-17,10:45,80.43
2026-06-17,11:00,99.74
2026-06-17,11:15,23.02
2026-06-17,11:30,14.0
2026-06-17,11:45,13.0
2026-06-17,12:00,9.99
2026-06-17,12:15,8.8
2026-06-17,12:30,14.0
2026-06-17,12:45,11.0
2026-06-17,13:00,69.99
2026-06-17,13:15,36.0
2026-06-17,13:30,23.02
2026-06-17,13:45,23.01
2026-06-17,14:00,17.37
2026-06-17,14:15,18.0
2026-06-17,14:30,16.49
2026-06-17,14:45,14.79
2026-06-17,15:00,20.0
2026-06-17,15:15,20.0
2026-06-17,15:30,20.0
2026-06-17,15:45,20.01
2026-06-17,16:00,14.0
2026-06-17,16:15,16.0
2026-06-17,16:30,20.01
2026-06-17,16:45,20.01
2026-06-17,17:00,11.01
2026-06-17,17:15,17.38
2026-06-17,17:30,10.0
2026-06-17,17:45,19.99
2026-06-17,18:00,9.99
2026-06-17,18:15,16.75
2026-06-17,18:30,28.0
2026-06-17,18:45,111.15
2026-06-17,19:00,88.74
2026-06-17,19:15,112.04
2026-06-17,19:30,121.06
2026-06-17,19:45,128.4
2026-06-17,20:00,124.56
2026-06-17,20:15,135.64
2026-06-17,20:30,148.69
2026-06-17,20:45,159.17
2026-06-17,21:00,147.15
2026-06-17,21:15,155.33
2026-06-17,21:30,167.81
2026-06-17,21:45,170.14
2026-06-17,22:00,169.56
2026-06-17,22:15,165.55
2026-06-17,22:30,158.41
2026-06-17,22:45,149.87
2026-06-17,23:00,168.32
2026-06-17,23:15,155.78
2026-06-17,23:30,150.73
2026-06-17,23:45,143.25
2026-06-18,00:00,148.05
2026-06-18,00:15,106.31
2026-06-18,00:30,135.38
2026-06-18,00:45,131.34
2026-06-18,01:00,129.97
2026-06-18,01:15,128.56
2026-06-18,01:30,129.16
2026-06-18,01:45,124.55
2026-06-18,02:00,118.15
2026-06-18,02:15,118.03
2026-06-18,02:30,116.43
2026-06-18,02:45,116.38
2026-06-18,03:00,115.14
2026-06-18,03:15,112.69
2026-06-18,03:30,112.24
2026-06-18,03:45,113.68
2026-06-18,04:00,108.11
2026-06-18,04:15,108.81
2026-06-18,04:30,109.57
2026-06-18,04:45,95.49
2026-06-18,05:00,111.17
2026-06-18,05:15,109.89
2026-06-18,05:30,116.39
2026-06-18,05:45,121.63
2026-06-18,06:00,58.65
2026-06-18,06:15,110.25
2026-06-18,06:30,124.14
2026-06-18,06:45,128.4
2026-06-18,07:00,130.97
2026-06-18,07:15,134.74
2026-06-18,07:30,132.29
2026-06-18,07:45,130.77
2026-06-18,08:00,139.75
2026-06-18,08:15,133.42
2026-06-18,08:30,57.3
2026-06-18,08:45,55.0
2026-06-18,09:00,127.86
2026-06-18,09:15,58.37
2026-06-18,09:30,47.45
2026-06-18,09:45,46.3
2026-06-18,10:00,57.51
2026-06-18,10:15,49.36
2026-06-18,10:30,46.75
2026-06-18,10:45,40.55
2026-06-18,11:00,54.79
2026-06-18,11:15,47.09
2026-06-18,11:30,42.88
2026-06-18,11:45,35.24
2026-06-18,12:00,62.52
2026-06-18,12:15,48.06
2026-06-18,12:30,35.64
2026-06-18,12:45,25.07
2026-06-18,13:00,40.98
2026-06-18,13:15,29.2
2026-06-18,13:30,25.45
2026-06-18,13:45,20.01
2026-06-18,14:00,27.02
2026-06-18,14:15,22.43
2026-06-18,14:30,20.38
2026-06-18,14:45,21.92
2026-06-18,15:00,21.52
2026-06-18,15:15,24.19
2026-06-18,15:30,26.85
2026-06-18,15:45,33.82
2026-06-18,16:00,22.27
2026-06-18,16:15,40.8
2026-06-18,16:30,44.51
2026-06-18,16:45,55.54
2026-06-18,17:00,40.01
2026-06-18,17:15,47.9
2026-06-18,17:30,49.75
2026-06-18,17:45,63.28
2026-06-18,18:00,72.39
2026-06-18,18:15,97.98
2026-06-18,18:30,111.88
2026-06-18,18:45,122.54
2026-06-18,19:00,100.99
2026-06-18,19:15,123.65
2026-06-18,19:30,127.86
2026-06-18,19:45,128.43
2026-06-18,20:00,145.07
2026-06-18,20:15,164.03
2026-06-18,20:30,180.32
2026-06-18,20:45,185.0
2026-06-18,21:00,210.31
2026-06-18,21:15,229.62
2026-06-18,21:30,250.18
2026-06-18,21:45,205.63
2026-06-18,22:00,200.45
2026-06-18,22:15,193.97
2026-06-18,22:30,179.91
2026-06-18,22:45,168.63
2026-06-18,23:00,162.8
2026-06-18,23:15,145.94
2026-06-18,23:30,141.87
2026-06-18,23:45,138.37
2026-06-19,00:00,162.68
2026-06-19,00:15,142.71
2026-06-19,00:30,135.59
2026-06-19,00:45,139.63
2026-06-19,01:00,134.34
2026-06-19,01:15,136.56
2026-06-19,01:30,137.82
2026-06-19,01:45,137.55
2026-06-19,02:00,137.3
2026-06-19,02:15,133.46
2026-06-19,02:30,125.69
2026-06-19,02:45,121.11
2026-06-19,03:00,126.94
2026-06-19,03:15,120.79
2026-06-19,03:30,119.4
2026-06-19,03:45,118.18
2026-06-19,04:00,118.53
2026-06-19,04:15,117.92
2026-06-19,04:30,116.74
2026-06-19,04:45,115.66
2026-06-19,05:00,114.63
2026-06-19,05:15,115.12
2026-06-19,05:30,115.07
2026-06-19,05:45,115.6
2026-06-19,06:00,114.98
2026-06-19,06:15,116.39
2026-06-19,06:30,117.48
2026-06-19,06:45,121.16
2026-06-19,07:00,135.94
2026-06-19,07:15,134.57
2026-06-19,07:30,132.41
2026-06-19,07:45,128.14
2026-06-19,08:00,137.32
2026-06-19,08:15,132.88
2026-06-19,08:30,122.85
2026-06-19,08:45,111.24
2026-06-19,09:00,117.12
2026-06-19,09:15,112.0
2026-06-19,09:30,108.22
2026-06-19,09:45,98.15
2026-06-19,10:00,110.63
2026-06-19,10:15,38.5
2026-06-19,10:30,29.99
2026-06-19,10:45,23.8
2026-06-19,11:00,46.53
2026-06-19,11:15,34.71
2026-06-19,11:30,26.0
2026-06-19,11:45,18.94
2026-06-19,12:00,46.82
2026-06-19,12:15,29.99
2026-06-19,12:30,22.6
2026-06-19,12:45,11.0
2026-06-19,13:00,20.21
2026-06-19,13:15,14.01
2026-06-19,13:30,14.0
2026-06-19,13:45,9.99
2026-06-19,14:00,12.97
2026-06-19,14:15,10.31
2026-06-19,14:30,12.29
2026-06-19,14:45,10.0
2026-06-19,15:00,9.99
2026-06-19,15:15,13.49
2026-06-19,15:30,15.02
2026-06-19,15:45,19.39
2026-06-19,16:00,10.33
2026-06-19,16:15,15.4
2026-06-19,16:30,18.19
2026-06-19,16:45,20.01
2026-06-19,17:00,16.0
2026-06-19,17:15,18.18
2026-06-19,17:30,33.71
2026-06-19,17:45,99.7
2026-06-19,18:00,14.03
2026-06-19,18:15,46.15
2026-06-19,18:30,108.19
2026-06-19,18:45,115.94
2026-06-19,19:00,101.63
2026-06-19,19:15,113.85
2026-06-19,19:30,130.41
2026-06-19,19:45,147.87
2026-06-19,20:00,132.84
2026-06-19,20:15,149.38
2026-06-19,20:30,152.09
2026-06-19,20:45,187.64
2026-06-19,21:00,171.18
2026-06-19,21:15,170.9
2026-06-19,21:30,173.1
2026-06-19,21:45,160.65
2026-06-19,22:00,166.32
2026-06-19,22:15,156.98
2026-06-19,22:30,154.96
2026-06-19,22:45,149.24
2026-06-19,23:00,155.99
2026-06-19,23:15,146.85
2026-06-19,23:30,146.57
2026-06-19,23:45,145.52
2026-06-20,00:00,148.65
2026-06-20,00:15,142.31
2026-06-20,00:30,133.92
2026-06-20,00:45,126.6
2026-06-20,01:00,130.3
2026-06-20,01:15,130.35
2026-06-20,01:30,121.03
2026-06-20,01:45,118.52
2026-06-20,02:00,120.92
2026-06-20,02:15,117.43
2026-06-20,02:30,117.38
2026-06-20,02:45,117.86
2026-06-20,03:00,118.05
2026-06-20,03:15,116.98
2026-06-20,03:30,115.5
2026-06-20,03:45,114.03
2026-06-20,04:00,115.93
2026-06-20,04:15,114.06
2026-06-20,04:30,113.99
2026-06-20,04:45,112.3
2026-06-20,05:00,111.46
2026-06-20,05:15,112.11
2026-06-20,05:30,81.73
2026-06-20,05:45,38.28
2026-06-20,06:00,17.38
2026-06-20,06:15,12.15
2026-06-20,06:30,8.26
2026-06-20,06:45,5.0
2026-06-20,07:00,12.05
2026-06-20,07:15,5.0
2026-06-20,07:30,3.83
2026-06-20,07:45,2.87
2026-06-20,08:00,2.75
2026-06-20,08:15,2.68
2026-06-20,08:30,2.66
2026-06-20,08:45,2.63
2026-06-20,09:00,2.65
2026-06-20,09:15,2.15
2026-06-20,09:30,1.97
2026-06-20,09:45,1.33
2026-06-20,10:00,0.99
2026-06-20,10:15,1.08
2026-06-20,10:30,0.72
2026-06-20,10:45,0.01
2026-06-20,11:00,1.26
2026-06-20,11:15,-0.01
2026-06-20,11:30,-0.01
2026-06-20,11:45,-0.02
2026-06-20,12:00,-0.01
2026-06-20,12:15,-0.02
2026-06-20,12:30,-0.03
2026-06-20,12:45,-0.06
2026-06-20,13:00,-0.01
2026-06-20,13:15,-0.03
2026-06-20,13:30,-0.03
2026-06-20,13:45,-0.03
2026-06-20,14:00,-0.04
2026-06-20,14:15,-0.03
2026-06-20,14:30,-0.03
2026-06-20,14:45,-0.03
2026-06-20,15:00,-0.04
2026-06-20,15:15,-0.03
2026-06-20,15:30,-0.02
2026-06-20,15:45,-0.01
2026-06-20,16:00,-0.06
2026-06-20,16:15,-0.03
2026-06-20,16:30,-0.05
2026-06-20,16:45,0.0
2026-06-20,17:00,-0.03
2026-06-20,17:15,1.05
2026-06-20,17:30,0.22
2026-06-20,17:45,1.49
2026-06-20,18:00,1.41
2026-06-20,18:15,1.56
2026-06-20,18:30,3.8
2026-06-20,18:45,7.89
2026-06-20,19:00,12.13
2026-06-20,19:15,18.56
2026-06-20,19:30,123.57
2026-06-20,19:45,132.32
2026-06-20,20:00,119.68
2026-06-20,20:15,135.9
2026-06-20,20:30,134.43
2026-06-20,20:45,136.45
2026-06-20,21:00,137.3
2026-06-20,21:15,136.08
2026-06-20,21:30,135.4
2026-06-20,21:45,135.82
2026-06-20,22:00,135.81
2026-06-20,22:15,132.27
2026-06-20,22:30,132.15
2026-06-20,22:45,131.75
2026-06-20,23:00,133.5
2026-06-20,23:15,129.23
2026-06-20,23:30,121.24
2026-06-20,23:45,129.15
2026-06-21,00:00,130.14
2026-06-21,00:15,124.98
2026-06-21,00:30,46.86
2026-06-21,00:45,15.65
2026-06-21,01:00,136.27
2026-06-21,01:15,128.08
2026-06-21,01:30,96.3
2026-06-21,01:45,73.95
2026-06-21,02:00,128.82
2026-06-21,02:15,30.67
2026-06-21,02:30,19.12
2026-06-21,02:45,13.54
2026-06-21,03:00,30.01
2026-06-21,03:15,20.0
2026-06-21,03:30,19.06
2026-06-21,03:45,19.04
2026-06-21,04:00,13.6
2026-06-21,04:15,15.07
2026-06-21,04:30,13.58
2026-06-21,04:45,13.57
2026-06-21,05:00,20.0
2026-06-21,05:15,15.6
2026-06-21,05:30,15.36
2026-06-21,05:45,15.19
2026-06-21,06:00,61.32
2026-06-21,06:15,56.75
2026-06-21,06:30,51.55
2026-06-21,06:45,18.01
2026-06-21,07:00,57.81
2026-06-21,07:15,28.36
2026-06-21,07:30,16.01
2026-06-21,07:45,14.0
2026-06-21,08:00,28.36
2026-06-21,08:15,17.37
2026-06-21,08:30,14.0
2026-06-21,08:45,12.01
2026-06-21,09:00,14.0
2026-06-21,09:15,11.99
2026-06-21,09:30,8.46
2026-06-21,09:45,5.55
2026-06-21,10:00,5.15
2026-06-21,10:15,5.81
2026-06-21,10:30,5.45
2026-06-21,10:45,3.6
2026-06-21,11:00,4.1
2026-06-21,11:15,1.58
2026-06-21,11:30,0.51
2026-06-21,11:45,0.54
2026-06-21,12:00,0.78
2026-06-21,12:15,0.78
2026-06-21,12:30,0.72
2026-06-21,12:45,0.72
2026-06-21,13:00,0.73
2026-06-21,13:15,0.72
2026-06-21,13:30,0.65
2026-06-21,13:45,0.55
2026-06-21,14:00,0.54
2026-06-21,14:15,0.54
2026-06-21,14:30,0.46
2026-06-21,14:45,0.48
2026-06-21,15:00,0.54
2026-06-21,15:15,0.54
2026-06-21,15:30,0.54
2026-06-21,15:45,0.54
2026-06-21,16:00,0.54
2026-06-21,16:15,0.54
2026-06-21,16:30,0.55
2026-06-21,16:45,0.63
2026-06-21,17:00,0.23
2026-06-21,17:15,2.05
2026-06-21,17:30,3.72
2026-06-21,17:45,4.05
2026-06-21,18:00,3.81
2026-06-21,18:15,4.81
2026-06-21,18:30,8.87
2026-06-21,18:45,55.26
2026-06-21,19:00,95.01
2026-06-21,19:15,108.63
2026-06-21,19:30,114.81
2026-06-21,19:45,129.52
2026-06-21,20:00,114.84
2026-06-21,20:15,131.12
2026-06-21,20:30,137.86
2026-06-21,20:45,140.87
2026-06-21,21:00,140.49
2026-06-21,21:15,147.04
2026-06-21,21:30,150.36
2026-06-21,21:45,152.0
2026-06-21,22:00,149.99
2026-06-21,22:15,148.81
2026-06-21,22:30,148.24
2026-06-21,22:45,146.34
2026-06-21,23:00,148.13
2026-06-21,23:15,146.53
2026-06-21,23:30,142.86
2026-06-21,23:45,135.72
2026-06-22,00:00,141.77
2026-06-22,00:15,132.97
2026-06-22,00:30,129.37
2026-06-22,00:45,119.71
2026-06-22,01:00,134.63
2026-06-22,01:15,126.12
2026-06-22,01:30,121.24
2026-06-22,01:45,118.6
2026-06-22,02:00,119.84
2026-06-22,02:15,119.49
2026-06-22,02:30,117.41
2026-06-22,02:45,115.96
2026-06-22,03:00,117.77
2026-06-22,03:15,113.4
2026-06-22,03:30,111.25
2026-06-22,03:45,109.91
2026-06-22,04:00,112.8
2026-06-22,04:15,112.75
2026-06-22,04:30,112.74
2026-06-22,04:45,114.06
2026-06-22,05:00,112.03
2026-06-22,05:15,114.24
2026-06-22,05:30,115.44
2026-06-22,05:45,117.88
2026-06-22,06:00,115.16
2026-06-22,06:15,117.9
2026-06-22,06:30,119.66
2026-06-22,06:45,133.7
2026-06-22,07:00,133.95
2026-06-22,07:15,141.41
2026-06-22,07:30,142.61
2026-06-22,07:45,142.76
2026-06-22,08:00,154.36
2026-06-22,08:15,149.52
2026-06-22,08:30,127.44
2026-06-22,08:45,30.0
2026-06-22,09:00,17.38
2026-06-22,09:15,16.0
2026-06-22,09:30,14.01
2026-06-22,09:45,14.0
2026-06-22,10:00,14.0
2026-06-22,10:15,14.0
2026-06-22,10:30,13.0
2026-06-22,10:45,8.9
2026-06-22,11:00,11.02
2026-06-22,11:15,8.91
2026-06-22,11:30,5.0
2026-06-22,11:45,14.0
2026-06-22,12:00,7.99
2026-06-22,12:15,14.0
2026-06-22,12:30,14.0
2026-06-22,12:45,14.0
2026-06-22,13:00,14.01
2026-06-22,13:15,14.0
2026-06-22,13:30,14.01
2026-06-22,13:45,14.01
2026-06-22,14:00,15.0
2026-06-22,14:15,14.01
2026-06-22,14:30,14.01
2026-06-22,14:45,15.01
2026-06-22,15:00,14.99
2026-06-22,15:15,15.0
2026-06-22,15:30,15.01
2026-06-22,15:45,11.01
2026-06-22,16:00,13.0
2026-06-22,16:15,7.99
2026-06-22,16:30,9.64
2026-06-22,16:45,9.64
2026-06-22,17:00,5.0
2026-06-22,17:15,8.67
2026-06-22,17:30,9.99
2026-06-22,17:45,5.0
2026-06-22,18:00,4.99
2026-06-22,18:15,9.64
2026-06-22,18:30,14.0
2026-06-22,18:45,13.01
2026-06-22,19:00,10.0
2026-06-22,19:15,50.0
2026-06-22,19:30,152.99
2026-06-22,19:45,185.43
2026-06-22,20:00,150.06
2026-06-22,20:15,165.89
2026-06-22,20:30,209.42
2026-06-22,20:45,262.09
2026-06-22,21:00,223.03
2026-06-22,21:15,257.11
2026-06-22,21:30,288.0
2026-06-22,21:45,308.22
2026-06-22,22:00,276.4
2026-06-22,22:15,261.71
2026-06-22,22:30,236.19
2026-06-22,22:45,199.33
2026-06-22,23:00,225.21
2026-06-22,23:15,202.1
2026-06-22,23:30,167.8
2026-06-22,23:45,153.46
2026-06-23,00:00,161.53
2026-06-23,00:15,158.14
2026-06-23,00:30,153.43
2026-06-23,00:45,147.55
2026-06-23,01:00,154.13
2026-06-23,01:15,148.62
2026-06-23,01:30,143.55
2026-06-23,01:45,138.82
2026-06-23,02:00,141.0
2026-06-23,02:15,137.59
2026-06-23,02:30,136.94
2026-06-23,02:45,135.26
2026-06-23,03:00,137.02
2026-06-23,03:15,135.52
2026-06-23,03:30,134.4
2026-06-23,03:45,135.13
2026-06-23,04:00,135.08
2026-06-23,04:15,133.75
2026-06-23,04:30,132.65
2026-06-23,04:45,133.9
2026-06-23,05:00,133.93
2026-06-23,05:15,133.52
2026-06-23,05:30,134.8
2026-06-23,05:45,133.58
2026-06-23,06:00,133.03
2026-06-23,06:15,133.76
2026-06-23,06:30,127.62
2026-06-23,06:45,154.81
2026-06-23,07:00,102.51
2026-06-23,07:15,138.13
2026-06-23,07:30,139.6
2026-06-23,07:45,130.52
2026-06-23,08:00,55.0
2026-06-23,08:15,35.46
2026-06-23,08:30,38.7
2026-06-23,08:45,47.47
2026-06-23,09:00,42.63
2026-06-23,09:15,34.31
2026-06-23,09:30,32.91
2026-06-23,09:45,28.98
2026-06-23,10:00,41.36
2026-06-23,10:15,34.33
2026-06-23,10:30,29.13
2026-06-23,10:45,24.98
2026-06-23,11:00,33.18
2026-06-23,11:15,30.21
2026-06-23,11:30,29.29
2026-06-23,11:45,26.33
2026-06-23,12:00,28.65
2026-06-23,12:15,31.0
2026-06-23,12:30,30.52
2026-06-23,12:45,30.97
2026-06-23,13:00,30.0
2026-06-23,13:15,30.07
2026-06-23,13:30,30.0
2026-06-23,13:45,29.99
2026-06-23,14:00,29.98
2026-06-23,14:15,29.99
2026-06-23,14:30,29.99
2026-06-23,14:45,29.7
2026-06-23,15:00,29.89
2026-06-23,15:15,30.0
2026-06-23,15:30,29.99
2026-06-23,15:45,31.25
2026-06-23,16:00,31.6
2026-06-23,16:15,32.21
2026-06-23,16:30,28.39
2026-06-23,16:45,33.11
2026-06-23,17:00,25.0
2026-06-23,17:15,31.55
2026-06-23,17:30,36.47
2026-06-23,17:45,52.18
2026-06-23,18:00,74.98
2026-06-23,18:15,97.16
2026-06-23,18:30,98.69
2026-06-23,18:45,111.25
2026-06-23,19:00,111.74
2026-06-23,19:15,124.81
2026-06-23,19:30,171.56
2026-06-23,19:45,242.47
2026-06-23,20:00,116.34
2026-06-23,20:15,185.61
2026-06-23,20:30,198.0
2026-06-23,20:45,248.38
2026-06-23,21:00,232.41
2026-06-23,21:15,217.52
2026-06-23,21:30,204.77
2026-06-23,21:45,192.5
2026-06-23,22:00,183.46
2026-06-23,22:15,181.0
2026-06-23,22:30,173.71
2026-06-23,22:45,165.13
2026-06-23,23:00,180.06
2026-06-23,23:15,169.14
2026-06-23,23:30,156.28
2026-06-23,23:45,168.76
2026-06-24,00:00,177.91
2026-06-24,00:15,161.82
2026-06-24,00:30,163.04
2026-06-24,00:45,155.84
2026-06-24,01:00,139.51
2026-06-24,01:15,143.19
2026-06-24,01:30,140.02
2026-06-24,01:45,140.07
2026-06-24,02:00,138.09
2026-06-24,02:15,136.51
2026-06-24,02:30,134.04
2026-06-24,02:45,130.75
2026-06-24,03:00,129.43
2026-06-24,03:15,126.69
2026-06-24,03:30,123.59
2026-06-24,03:45,85.88
2026-06-24,04:00,127.08
2026-06-24,04:15,104.27
2026-06-24,04:30,70.66
2026-06-24,04:45,64.16
2026-06-24,05:00,58.25
2026-06-24,05:15,61.19
2026-06-24,05:30,67.77
2026-06-24,05:45,72.01
2026-06-24,06:00,69.11
2026-06-24,06:15,83.63
2026-06-24,06:30,83.63
2026-06-24,06:45,104.98
2026-06-24,07:00,107.19
2026-06-24,07:15,109.45
2026-06-24,07:30,107.39
2026-06-24,07:45,108.21
2026-06-24,08:00,144.19
2026-06-24,08:15,135.81
2026-06-24,08:30,122.59
2026-06-24,08:45,109.75
2026-06-24,09:00,152.36
2026-06-24,09:15,120.92
2026-06-24,09:30,107.73
2026-06-24,09:45,100.98
2026-06-24,10:00,109.23
2026-06-24,10:15,103.27
2026-06-24,10:30,97.82
2026-06-24,10:45,90.88
2026-06-24,11:00,104.6
2026-06-24,11:15,90.86
2026-06-24,11:30,86.8
2026-06-24,11:45,74.57
2026-06-24,12:00,85.89
2026-06-24,12:15,79.88
2026-06-24,12:30,71.96
2026-06-24,12:45,65.25
2026-06-24,13:00,77.55
2026-06-24,13:15,68.6
2026-06-24,13:30,65.36
2026-06-24,13:45,60.46
2026-06-24,14:00,68.02
2026-06-24,14:15,65.22
2026-06-24,14:30,64.12
2026-06-24,14:45,62.67
2026-06-24,15:00,60.01
2026-06-24,15:15,64.13
2026-06-24,15:30,66.89
2026-06-24,15:45,74.93
2026-06-24,16:00,58.57
2026-06-24,16:15,74.86
2026-06-24,16:30,74.25
2026-06-24,16:45,86.72
2026-06-24,17:00,85.35
2026-06-24,17:15,89.77
2026-06-24,17:30,93.28
2026-06-24,17:45,95.79
2026-06-24,18:00,91.61
2026-06-24,18:15,103.07
2026-06-24,18:30,107.83
2026-06-24,18:45,114.58
2026-06-24,19:00,115.59
2026-06-24,19:15,133.51
2026-06-24,19:30,151.11
2026-06-24,19:45,208.58
2026-06-24,20:00,162.76
2026-06-24,20:15,236.98
2026-06-24,20:30,265.61
2026-06-24,20:45,365.74
2026-06-24,21:00,248.77
2026-06-24,21:15,249.0
2026-06-24,21:30,249.06
2026-06-24,21:45,263.56
2026-06-24,22:00,297.08
2026-06-24,22:15,257.5
2026-06-24,22:30,249.02
2026-06-24,22:45,237.66
2026-06-24,23:00,342.61
2026-06-24,23:15,290.0
2026-06-24,23:30,218.77
2026-06-24,23:45,186.99
2026-06-25,00:00,180.8
2026-06-25,00:15,156.0
2026-06-25,00:30,158.63
2026-06-25,00:45,163.0
2026-06-25,01:00,140.95
2026-06-25,01:15,143.22
2026-06-25,01:30,143.66
2026-06-25,01:45,144.56
2026-06-25,02:00,137.79
2026-06-25,02:15,137.96
2026-06-25,02:30,138.9
2026-06-25,02:45,139.26
2026-06-25,03:00,137.8
2026-06-25,03:15,139.38
2026-06-25,03:30,139.85
2026-06-25,03:45,140.28
2026-06-25,04:00,138.8
2026-06-25,04:15,138.83
2026-06-25,04:30,139.23
2026-06-25,04:45,139.41
2026-06-25,05:00,136.94
2026-06-25,05:15,137.02
2026-06-25,05:30,137.53
2026-06-25,05:45,136.73
2026-06-25,06:00,126.16
2026-06-25,06:15,125.38
2026-06-25,06:30,124.79
2026-06-25,06:45,122.83
2026-06-25,07:00,126.12
2026-06-25,07:15,127.19
2026-06-25,07:30,126.56
2026-06-25,07:45,122.17
2026-06-25,08:00,137.99
2026-06-25,08:15,135.38
2026-06-25,08:30,132.67
2026-06-25,08:45,64.37
2026-06-25,09:00,99.94
2026-06-25,09:15,99.97
2026-06-25,09:30,59.47
2026-06-25,09:45,60.14
2026-06-25,10:00,65.24
2026-06-25,10:15,52.5
2026-06-25,10:30,49.98
2026-06-25,10:45,48.34
2026-06-25,11:00,97.95
2026-06-25,11:15,88.21
2026-06-25,11:30,76.43
2026-06-25,11:45,57.0
2026-06-25,12:00,82.13
2026-06-25,12:15,68.48
2026-06-25,12:30,54.95
2026-06-25,12:45,45.24
2026-06-25,13:00,51.61
2026-06-25,13:15,42.63
2026-06-25,13:30,38.04
2026-06-25,13:45,30.0
2026-06-25,14:00,42.96
2026-06-25,14:15,35.18
2026-06-25,14:30,28.2
2026-06-25,14:45,25.51
2026-06-25,15:00,23.12
2026-06-25,15:15,26.54
2026-06-25,15:30,39.38
2026-06-25,15:45,50.57
2026-06-25,16:00,37.7
2026-06-25,16:15,45.94
2026-06-25,16:30,74.73
2026-06-25,16:45,89.24
2026-06-25,17:00,63.87
2026-06-25,17:15,70.07
2026-06-25,17:30,76.29
2026-06-25,17:45,81.57
2026-06-25,18:00,77.78
2026-06-25,18:15,87.66
2026-06-25,18:30,95.83
2026-06-25,18:45,103.22
2026-06-25,19:00,107.71
2026-06-25,19:15,118.9
2026-06-25,19:30,153.0
2026-06-25,19:45,214.88
2026-06-25,20:00,142.41
2026-06-25,20:15,180.61
2026-06-25,20:30,194.19
2026-06-25,20:45,174.71
2026-06-25,21:00,178.77
2026-06-25,21:15,180.61
2026-06-25,21:30,180.01
2026-06-25,21:45,180.61
2026-06-25,22:00,173.21
2026-06-25,22:15,177.37
2026-06-25,22:30,174.66
2026-06-25,22:45,163.05
2026-06-25,23:00,150.37
2026-06-25,23:15,194.0
2026-06-25,23:30,175.44
2026-06-25,23:45,152.24
2026-06-26,00:00,177.84
2026-06-26,00:15,169.34
2026-06-26,00:30,156.89
2026-06-26,00:45,147.32
2026-06-26,01:00,126.46
2026-06-26,01:15,108.16
2026-06-26,01:30,109.54
2026-06-26,01:45,110.45
2026-06-26,02:00,105.1
2026-06-26,02:15,102.59
2026-06-26,02:30,102.4
2026-06-26,02:45,101.41
2026-06-26,03:00,98.78
2026-06-26,03:15,98.69
2026-06-26,03:30,98.49
2026-06-26,03:45,98.38
2026-06-26,04:00,123.72
2026-06-26,04:15,119.29
2026-06-26,04:30,118.52
2026-06-26,04:45,116.31
2026-06-26,05:00,102.08
2026-06-26,05:15,98.13
2026-06-26,05:30,95.73
2026-06-26,05:45,92.68
2026-06-26,06:00,98.44
2026-06-26,06:15,96.44
2026-06-26,06:30,88.84
2026-06-26,06:45,84.17
2026-06-26,07:00,94.13
2026-06-26,07:15,91.67
2026-06-26,07:30,89.71
2026-06-26,07:45,86.7
2026-06-26,08:00,92.84
2026-06-26,08:15,90.19
2026-06-26,08:30,88.92
2026-06-26,08:45,87.18
2026-06-26,09:00,87.23
2026-06-26,09:15,85.84
2026-06-26,09:30,82.74
2026-06-26,09:45,75.35
2026-06-26,10:00,82.69
2026-06-26,10:15,73.98
2026-06-26,10:30,67.86
2026-06-26,10:45,59.08
2026-06-26,11:00,77.92
2026-06-26,11:15,69.68
2026-06-26,11:30,60.27
2026-06-26,11:45,52.19
2026-06-26,12:00,71.17
2026-06-26,12:15,61.21
2026-06-26,12:30,54.54
2026-06-26,12:45,45.85
2026-06-26,13:00,54.42
2026-06-26,13:15,46.54
2026-06-26,13:30,35.93
2026-06-26,13:45,30.0
2026-06-26,14:00,38.6
2026-06-26,14:15,35.98
2026-06-26,14:30,29.42
2026-06-26,14:45,26.84
2026-06-26,15:00,26.02
2026-06-26,15:15,29.81
2026-06-26,15:30,40.47
2026-06-26,15:45,46.14
2026-06-26,16:00,30.0
2026-06-26,16:15,24.51
2026-06-26,16:30,30.61
2026-06-26,16:45,40.22
2026-06-26,17:00,20.0
2026-06-26,17:15,26.18
2026-06-26,17:30,37.51
2026-06-26,17:45,45.91
2026-06-26,18:00,33.49
2026-06-26,18:15,90.57
2026-06-26,18:30,94.62
2026-06-26,18:45,104.8
2026-06-26,19:00,102.13
2026-06-26,19:15,138.05
2026-06-26,19:30,155.08
2026-06-26,19:45,236.4
2026-06-26,20:00,148.95
2026-06-26,20:15,216.91
2026-06-26,20:30,247.11
2026-06-26,20:45,256.13
2026-06-26,21:00,150.0
2026-06-26,21:15,185.63
2026-06-26,21:30,227.7
2026-06-26,21:45,184.22
2026-06-26,22:00,185.0
2026-06-26,22:15,165.6
2026-06-26,22:30,173.89
2026-06-26,22:45,123.5
2026-06-26,23:00,203.5
2026-06-26,23:15,177.81
2026-06-26,23:30,132.07
2026-06-26,23:45,117.6
2026-06-27,00:00,115.48
2026-06-27,00:15,114.94
2026-06-27,00:30,145.87
2026-06-27,00:45,117.06
2026-06-27,01:00,104.85
2026-06-27,01:15,104.91
2026-06-27,01:30,103.05
2026-06-27,01:45,102.82
2026-06-27,02:00,100.78
2026-06-27,02:15,102.36
2026-06-27,02:30,101.96
2026-06-27,02:45,100.97
2026-06-27,03:00,98.34
2026-06-27,03:15,98.87
2026-06-27,03:30,98.93
2026-06-27,03:45,98.34
2026-06-27,04:00,98.14
2026-06-27,04:15,97.33
2026-06-27,04:30,93.94
2026-06-27,04:45,80.67
2026-06-27,05:00,97.32
2026-06-27,05:15,79.14
2026-06-27,05:30,70.83
2026-06-27,05:45,35.79
2026-06-27,06:00,69.87
2026-06-27,06:15,35.76
2026-06-27,06:30,39.14
2026-06-27,06:45,41.07
2026-06-27,07:00,40.92
2026-06-27,07:15,42.13
2026-06-27,07:30,65.58
2026-06-27,07:45,46.31
2026-06-27,08:00,50.0
2026-06-27,08:15,64.54
2026-06-27,08:30,58.95
2026-06-27,08:45,50.0
2026-06-27,09:00,45.58
2026-06-27,09:15,42.2
2026-06-27,09:30,40.74
2026-06-27,09:45,39.72
2026-06-27,10:00,46.5
2026-06-27,10:15,42.52
2026-06-27,10:30,38.48
2026-06-27,10:45,30.82
2026-06-27,11:00,58.1
2026-06-27,11:15,42.05
2026-06-27,11:30,22.84
2026-06-27,11:45,14.79
2026-06-27,12:00,24.69
2026-06-27,12:15,22.83
2026-06-27,12:30,20.01
2026-06-27,12:45,19.7
2026-06-27,13:00,16.0
2026-06-27,13:15,14.01
2026-06-27,13:30,13.0
2026-06-27,13:45,10.0
2026-06-27,14:00,8.1
2026-06-27,14:15,6.75
2026-06-27,14:30,6.0
2026-06-27,14:45,6.04
2026-06-27,15:00,6.61
2026-06-27,15:15,7.84
2026-06-27,15:30,7.11
2026-06-27,15:45,9.4
2026-06-27,16:00,10.0
2026-06-27,16:15,12.86
2026-06-27,16:30,16.5
2026-06-27,16:45,32.07
2026-06-27,17:00,10.0
2026-06-27,17:15,34.11
2026-06-27,17:30,44.11
2026-06-27,17:45,53.06
2026-06-27,18:00,36.18
2026-06-27,18:15,61.6
2026-06-27,18:30,109.75
2026-06-27,18:45,129.18
2026-06-27,19:00,111.76
2026-06-27,19:15,160.08
2026-06-27,19:30,162.72
2026-06-27,19:45,201.71
2026-06-27,20:00,106.13
2026-06-27,20:15,176.5
2026-06-27,20:30,193.39
2026-06-27,20:45,202.97
2026-06-27,21:00,109.47
2026-06-27,21:15,149.61
2026-06-27,21:30,176.5
2026-06-27,21:45,192.39
2026-06-27,22:00,141.3
2026-06-27,22:15,176.5
2026-06-27,22:30,160.34
2026-06-27,22:45,155.35
2026-06-27,23:00,110.08
2026-06-27,23:15,110.33
2026-06-27,23:30,110.36
2026-06-27,23:45,109.42
2026-06-28,00:00,110.54
2026-06-28,00:15,110.43
2026-06-28,00:30,138.58
2026-06-28,00:45,135.54
2026-06-28,01:00,145.22
2026-06-28,01:15,139.41
2026-06-28,01:30,107.87
2026-06-28,01:45,107.47
2026-06-28,02:00,104.21
2026-06-28,02:15,103.43
2026-06-28,02:30,103.31
2026-06-28,02:45,105.01
2026-06-28,03:00,122.79
2026-06-28,03:15,120.62
2026-06-28,03:30,102.66
2026-06-28,03:45,103.85
2026-06-28,04:00,102.09
2026-06-28,04:15,100.39
2026-06-28,04:30,99.8
2026-06-28,04:45,100.0
2026-06-28,05:00,102.23
2026-06-28,05:15,101.59
2026-06-28,05:30,99.92
2026-06-28,05:45,112.63
2026-06-28,06:00,85.88
2026-06-28,06:15,100.06
2026-06-28,06:30,98.54
2026-06-28,06:45,95.51
2026-06-28,07:00,95.83
2026-06-28,07:15,81.28
2026-06-28,07:30,34.83
2026-06-28,07:45,32.91
2026-06-28,08:00,37.67
2026-06-28,08:15,36.36
2026-06-28,08:30,37.26
2026-06-28,08:45,38.24
2026-06-28,09:00,41.33
2026-06-28,09:15,40.68
2026-06-28,09:30,38.91
2026-06-28,09:45,42.4
2026-06-28,10:00,57.36
2026-06-28,10:15,37.96
2026-06-28,10:30,18.78
2026-06-28,10:45,11.72
2026-06-28,11:00,20.85
2026-06-28,11:15,17.66
2026-06-28,11:30,15.01
2026-06-28,11:45,13.77
2026-06-28,12:00,18.98
2026-06-28,12:15,18.01
2026-06-28,12:30,17.37
2026-06-28,12:45,16.72
2026-06-28,13:00,14.21
2026-06-28,13:15,14.0
2026-06-28,13:30,12.43
2026-06-28,13:45,12.29
2026-06-28,14:00,12.0
2026-06-28,14:15,13.49
2026-06-28,14:30,13.72
2026-06-28,14:45,14.01
2026-06-28,15:00,13.7
2026-06-28,15:15,15.0
2026-06-28,15:30,17.37
2026-06-28,15:45,19.18
2026-06-28,16:00,14.0
2026-06-28,16:15,17.37
2026-06-28,16:30,20.94
2026-06-28,16:45,28.95
2026-06-28,17:00,17.1
2026-06-28,17:15,23.64
2026-06-28,17:30,40.69
2026-06-28,17:45,61.68
2026-06-28,18:00,32.07
2026-06-28,18:15,72.1
2026-06-28,18:30,85.41
2026-06-28,18:45,90.73
2026-06-28,19:00,91.02
2026-06-28,19:15,93.4
2026-06-28,19:30,94.82
2026-06-28,19:45,100.95
2026-06-28,20:00,100.03
2026-06-28,20:15,122.42
2026-06-28,20:30,143.32
2026-06-28,20:45,152.69
2026-06-28,21:00,144.07
2026-06-28,21:15,148.57
2026-06-28,21:30,142.95
2026-06-28,21:45,136.02
2026-06-28,22:00,156.41
2026-06-28,22:15,118.07
2026-06-28,22:30,102.84
2026-06-28,22:45,103.25
2026-06-28,23:00,102.79
2026-06-28,23:15,103.76
2026-06-28,23:30,104.22
2026-06-28,23:45,105.08
2026-06-29,00:00,100.26
2026-06-29,00:15,81.94
2026-06-29,00:30,121.36
2026-06-29,00:45,104.21
2026-06-29,01:00,108.44
2026-06-29,01:15,110.53
2026-06-29,01:30,109.18
2026-06-29,01:45,106.98
2026-06-29,02:00,102.41
2026-06-29,02:15,102.72
2026-06-29,02:30,104.68
2026-06-29,02:45,105.11
2026-06-29,03:00,101.35
2026-06-29,03:15,102.41
2026-06-29,03:30,103.55
2026-06-29,03:45,103.56
2026-06-29,04:00,100.12
2026-06-29,04:15,101.17
2026-06-29,04:30,102.16
2026-06-29,04:45,102.76
2026-06-29,05:00,102.94
2026-06-29,05:15,102.76
2026-06-29,05:30,102.11
2026-06-29,05:45,101.22
2026-06-29,06:00,102.11
2026-06-29,06:15,101.75
2026-06-29,06:30,101.01
2026-06-29,06:45,101.16
2026-06-29,07:00,107.41
2026-06-29,07:15,105.98
2026-06-29,07:30,105.14
2026-06-29,07:45,104.11
2026-06-29,08:00,113.23
2026-06-29,08:15,113.07
2026-06-29,08:30,112.33
2026-06-29,08:45,111.91
2026-06-29,09:00,112.14
2026-06-29,09:15,113.4
2026-06-29,09:30,36.59
2026-06-29,09:45,29.45
2026-06-29,10:00,51.94
2026-06-29,10:15,40.73
2026-06-29,10:30,29.99
2026-06-29,10:45,20.01
2026-06-29,11:00,30.0
2026-06-29,11:15,23.49
2026-06-29,11:30,18.57
2026-06-29,11:45,15.77
2026-06-29,12:00,17.37
2026-06-29,12:15,15.01
2026-06-29,12:30,20.57
2026-06-29,12:45,20.0
2026-06-29,13:00,20.0
2026-06-29,13:15,20.0
2026-06-29,13:30,18.01
2026-06-29,13:45,18.01
2026-06-29,14:00,18.75
2026-06-29,14:15,19.07
2026-06-29,14:30,18.04
2026-06-29,14:45,18.01
2026-06-29,15:00,18.01
2026-06-29,15:15,20.0
2026-06-29,15:30,20.01
2026-06-29,15:45,20.0
2026-06-29,16:00,20.01
2026-06-29,16:15,26.09
2026-06-29,16:30,17.38
2026-06-29,16:45,20.01
2026-06-29,17:00,14.0
2026-06-29,17:15,14.99
2026-06-29,17:30,17.38
2026-06-29,17:45,21.01
2026-06-29,18:00,20.0
2026-06-29,18:15,28.47
2026-06-29,18:30,44.85
2026-06-29,18:45,70.28
2026-06-29,19:00,78.57
2026-06-29,19:15,84.07
2026-06-29,19:30,83.24
2026-06-29,19:45,131.94
2026-06-29,20:00,84.29
2026-06-29,20:15,87.01
2026-06-29,20:30,113.7
2026-06-29,20:45,155.46
2026-06-29,21:00,102.61
2026-06-29,21:15,122.29
2026-06-29,21:30,119.69
2026-06-29,21:45,153.0
2026-06-29,22:00,128.64
2026-06-29,22:15,127.28
2026-06-29,22:30,127.27
2026-06-29,22:45,122.4
2026-06-29,23:00,103.86
2026-06-29,23:15,102.08
2026-06-29,23:30,85.22
2026-06-29,23:45,83.38
2026-06-30,00:00,150.0
2026-06-30,00:15,102.09
2026-06-30,00:30,80.23
2026-06-30,00:45,79.71
2026-06-30,01:00,133.62
2026-06-30,01:15,107.35
2026-06-30,01:30,111.88
2026-06-30,01:45,111.66
2026-06-30,02:00,100.5
2026-06-30,02:15,101.87
2026-06-30,02:30,110.07
2026-06-30,02:45,110.52
2026-06-30,03:00,108.88
2026-06-30,03:15,109.29
2026-06-30,03:30,109.23
2026-06-30,03:45,109.35
2026-06-30,04:00,104.34
2026-06-30,04:15,108.06
2026-06-30,04:30,103.16
2026-06-30,04:45,103.11
2026-06-30,05:00,107.94
2026-06-30,05:15,108.54
2026-06-30,05:30,109.93
2026-06-30,05:45,113.59
2026-06-30,06:00,115.39
2026-06-30,06:15,115.44
2026-06-30,06:30,116.21
2026-06-30,06:45,111.56
2026-06-30,07:00,119.44
2026-06-30,07:15,136.57
2026-06-30,07:30,103.79
2026-06-30,07:45,119.02
2026-06-30,08:00,139.46
2026-06-30,08:15,133.35
2026-06-30,08:30,126.94
2026-06-30,08:45,126.08
2026-06-30,09:00,129.01
2026-06-30,09:15,127.83
2026-06-30,09:30,127.26
2026-06-30,09:45,116.48
2026-06-30,10:00,22.27
2026-06-30,10:15,20.0
2026-06-30,10:30,18.0
2026-06-30,10:45,15.01
2026-06-30,11:00,20.01
2026-06-30,11:15,20.01
2026-06-30,11:30,16.0
2026-06-30,11:45,14.0
2026-06-30,12:00,20.0
2026-06-30,12:15,18.0
2026-06-30,12:30,18.01
2026-06-30,12:45,18.0
2026-06-30,13:00,16.01
2026-06-30,13:15,18.01
2026-06-30,13:30,18.01
2026-06-30,13:45,20.0
2026-06-30,14:00,24.0
2026-06-30,14:15,30.0
2026-06-30,14:30,29.99
2026-06-30,14:45,30.0
2026-06-30,15:00,24.01
2026-06-30,15:15,30.0
2026-06-30,15:30,20.01
2026-06-30,15:45,29.99
2026-06-30,16:00,20.0
2026-06-30,16:15,20.01
2026-06-30,16:30,20.0
2026-06-30,16:45,29.99
2026-06-30,17:00,9.78
2026-06-30,17:15,10.21
2026-06-30,17:30,14.01
2026-06-30,17:45,46.62
2026-06-30,18:00,20.01
2026-06-30,18:15,120.84
2026-06-30,18:30,131.79
2026-06-30,18:45,177.4
2026-06-30,19:00,120.1
2026-06-30,19:15,210.3
2026-06-30,19:30,260.58
2026-06-30,19:45,273.96
2026-06-30,20:00,229.9
2026-06-30,20:15,310.73
2026-06-30,20:30,436.26
2026-06-30,20:45,483.01
2026-06-30,21:00,485.89
2026-06-30,21:15,549.4
2026-06-30,21:30,637.55
2026-06-30,21:45,579.31
2026-06-30,22:00,439.65
2026-06-30,22:15,400.0
2026-06-30,22:30,325.01
2026-06-30,22:45,288.95
2026-06-30,23:00,327.02
2026-06-30,23:15,253.38
2026-06-30,23:30,222.16
2026-06-30,23:45,177.4
2026-07-01,00:00,230.21
2026-07-01,00:15,192.7
2026-07-01,00:30,185.17
2026-07-01,00:45,207.4
2026-07-01,01:00,170.42
2026-07-01,01:15,156.59
2026-07-01,01:30,152.88
2026-07-01,01:45,145.55
2026-07-01,02:00,150.38
2026-07-01,02:15,141.98
2026-07-01,02:30,130.6
2026-07-01,02:45,128.41
2026-07-01,03:00,137.6
2026-07-01,03:15,134.83
2026-07-01,03:30,133.1
2026-07-01,03:45,132.93
2026-07-01,04:00,140.69
2026-07-01,04:15,138.27
2026-07-01,04:30,129.6
2026-07-01,04:45,131.02
2026-07-01,05:00,134.37
2026-07-01,05:15,129.99
2026-07-01,05:30,129.99
2026-07-01,05:45,131.09
2026-07-01,06:00,119.63
2026-07-01,06:15,125.5
2026-07-01,06:30,134.0
2026-07-01,06:45,135.04
2026-07-01,07:00,146.83
2026-07-01,07:15,149.73
2026-07-01,07:30,151.87
2026-07-01,07:45,155.99
2026-07-01,08:00,177.26
2026-07-01,08:15,170.26
2026-07-01,08:30,147.78
2026-07-01,08:45,147.07
2026-07-01,09:00,167.94
2026-07-01,09:15,145.32
2026-07-01,09:30,126.37
2026-07-01,09:45,105.54
2026-07-01,10:00,104.15
2026-07-01,10:15,98.78
2026-07-01,10:30,95.3
2026-07-01,10:45,89.49
2026-07-01,11:00,101.25
2026-07-01,11:15,93.89
2026-07-01,11:30,88.96
2026-07-01,11:45,86.56
2026-07-01,12:00,91.35
2026-07-01,12:15,90.76
2026-07-01,12:30,89.5
2026-07-01,12:45,88.4
2026-07-01,13:00,90.32
2026-07-01,13:15,89.5
2026-07-01,13:30,88.92
2026-07-01,13:45,88.86
2026-07-01,14:00,88.07
2026-07-01,14:15,89.49
2026-07-01,14:30,88.79
2026-07-01,14:45,88.18
2026-07-01,15:00,83.67
2026-07-01,15:15,83.48
2026-07-01,15:30,83.09
2026-07-01,15:45,85.14
2026-07-01,16:00,79.77
2026-07-01,16:15,82.84
2026-07-01,16:30,112.82
2026-07-01,16:45,84.8
2026-07-01,17:00,77.17
2026-07-01,17:15,80.72
2026-07-01,17:30,102.08
2026-07-01,17:45,90.77
2026-07-01,18:00,80.27
2026-07-01,18:15,86.91
2026-07-01,18:30,89.23
2026-07-01,18:45,97.15
2026-07-01,19:00,97.41
2026-07-01,19:15,106.85
2026-07-01,19:30,135.42
2026-07-01,19:45,106.64
2026-07-01,20:00,115.47
2026-07-01,20:15,152.45
2026-07-01,20:30,192.14
2026-07-01,20:45,215.19
2026-07-01,21:00,164.05
2026-07-01,21:15,190.07
2026-07-01,21:30,202.39
2026-07-01,21:45,171.99
2026-07-01,22:00,234.08
2026-07-01,22:15,229.4
2026-07-01,22:30,218.45
2026-07-01,22:45,211.89
2026-07-01,23:00,236.37
2026-07-01,23:15,203.47
2026-07-01,23:30,161.02
2026-07-01,23:45,137.44
2026-07-02,00:00,130.18
2026-07-02,00:15,122.96
2026-07-02,00:30,127.04
2026-07-02,00:45,134.97
2026-07-02,01:00,165.36
2026-07-02,01:15,158.87
2026-07-02,01:30,157.11
2026-07-02,01:45,148.55
2026-07-02,02:00,152.14
2026-07-02,02:15,141.5
2026-07-02,02:30,120.64
2026-07-02,02:45,120.5
2026-07-02,03:00,131.32
2026-07-02,03:15,115.85
2026-07-02,03:30,116.06
2026-07-02,03:45,115.5
2026-07-02,04:00,120.1
2026-07-02,04:15,120.54
2026-07-02,04:30,117.53
2026-07-02,04:45,110.22
2026-07-02,05:00,112.12
2026-07-02,05:15,113.62
2026-07-02,05:30,107.79
2026-07-02,05:45,112.04
2026-07-02,06:00,110.11
2026-07-02,06:15,107.5
2026-07-02,06:30,109.52
2026-07-02,06:45,109.22
2026-07-02,07:00,110.92
2026-07-02,07:15,116.66
2026-07-02,07:30,117.95
2026-07-02,07:45,112.21
2026-07-02,08:00,126.19
2026-07-02,08:15,119.62
2026-07-02,08:30,111.49
2026-07-02,08:45,104.72
2026-07-02,09:00,120.11
2026-07-02,09:15,109.09
2026-07-02,09:30,96.95
2026-07-02,09:45,61.64
2026-07-02,10:00,84.68
2026-07-02,10:15,67.73
2026-07-02,10:30,43.03
2026-07-02,10:45,30.74
2026-07-02,11:00,44.57
2026-07-02,11:15,39.64
2026-07-02,11:30,36.57
2026-07-02,11:45,25.7
2026-07-02,12:00,43.49
2026-07-02,12:15,36.66
2026-07-02,12:30,37.16
2026-07-02,12:45,36.07
2026-07-02,13:00,40.39
2026-07-02,13:15,37.29
2026-07-02,13:30,31.91
2026-07-02,13:45,30.0
2026-07-02,14:00,37.64
2026-07-02,14:15,35.3
2026-07-02,14:30,32.11
2026-07-02,14:45,30.15
2026-07-02,15:00,36.23
2026-07-02,15:15,34.04
2026-07-02,15:30,32.25
2026-07-02,15:45,32.05
2026-07-02,16:00,32.56
2026-07-02,16:15,33.13
2026-07-02,16:30,33.05
2026-07-02,16:45,32.56
2026-07-02,17:00,28.8
2026-07-02,17:15,29.26
2026-07-02,17:30,27.83
2026-07-02,17:45,25.94
2026-07-02,18:00,21.62
2026-07-02,18:15,29.1
2026-07-02,18:30,36.75
2026-07-02,18:45,40.11
2026-07-02,19:00,14.94
2026-07-02,19:15,27.03
2026-07-02,19:30,50.72
2026-07-02,19:45,97.12
2026-07-02,20:00,50.14
2026-07-02,20:15,124.55
2026-07-02,20:30,185.48
2026-07-02,20:45,263.33
2026-07-02,21:00,147.92
2026-07-02,21:15,184.0
2026-07-02,21:30,235.25
2026-07-02,21:45,221.67
2026-07-02,22:00,222.95
2026-07-02,22:15,142.49
2026-07-02,22:30,133.0
2026-07-02,22:45,115.28
2026-07-02,23:00,113.03
2026-07-02,23:15,85.22
2026-07-02,23:30,82.08
2026-07-02,23:45,71.54
2026-07-03,00:00,107.12
2026-07-03,00:15,102.66
2026-07-03,00:30,102.5
2026-07-03,00:45,97.68
2026-07-03,01:00,99.77
2026-07-03,01:15,95.79
2026-07-03,01:30,93.1
2026-07-03,01:45,76.86
2026-07-03,02:00,76.54
2026-07-03,02:15,70.09
2026-07-03,02:30,66.73
2026-07-03,02:45,50.23
2026-07-03,03:00,69.96
2026-07-03,03:15,50.24
2026-07-03,03:30,33.55
2026-07-03,03:45,31.18
2026-07-03,04:00,35.42
2026-07-03,04:15,31.99
2026-07-03,04:30,28.8
2026-07-03,04:45,26.71
2026-07-03,05:00,29.12
2026-07-03,05:15,26.85
2026-07-03,05:30,26.63
2026-07-03,05:45,26.5
2026-07-03,06:00,26.2
2026-07-03,06:15,26.79
2026-07-03,06:30,29.33
2026-07-03,06:45,32.1
2026-07-03,07:00,26.92
2026-07-03,07:15,31.95
2026-07-03,07:30,40.44
2026-07-03,07:45,53.17
2026-07-03,08:00,39.99
2026-07-03,08:15,40.63
2026-07-03,08:30,43.11
2026-07-03,08:45,49.99
2026-07-03,09:00,56.29
2026-07-03,09:15,53.1
2026-07-03,09:30,39.99
2026-07-03,09:45,20.69
2026-07-03,10:00,37.77
2026-07-03,10:15,22.33
2026-07-03,10:30,15.84
2026-07-03,10:45,12.51
2026-07-03,11:00,23.15
2026-07-03,11:15,20.08
2026-07-03,11:30,17.8
2026-07-03,11:45,12.49
2026-07-03,12:00,21.54
2026-07-03,12:15,19.1
2026-07-03,12:30,17.09
2026-07-03,12:45,14.01
2026-07-03,13:00,20.0
2026-07-03,13:15,15.0
2026-07-03,13:30,13.0
2026-07-03,13:45,11.41
2026-07-03,14:00,11.0
2026-07-03,14:15,11.0
2026-07-03,14:30,11.0
2026-07-03,14:45,11.01
2026-07-03,15:00,13.0
2026-07-03,15:15,14.0
2026-07-03,15:30,14.0
2026-07-03,15:45,14.0
2026-07-03,16:00,11.0
2026-07-03,16:15,11.01
2026-07-03,16:30,13.0
2026-07-03,16:45,14.01
2026-07-03,17:00,9.64
2026-07-03,17:15,9.66
2026-07-03,17:30,11.0
2026-07-03,17:45,14.0
2026-07-03,18:00,10.72
2026-07-03,18:15,13.69
2026-07-03,18:30,18.66
2026-07-03,18:45,22.7
2026-07-03,19:00,11.01
2026-07-03,19:15,16.19
2026-07-03,19:30,28.29
2026-07-03,19:45,43.58
2026-07-03,20:00,30.85
2026-07-03,20:15,30.01
2026-07-03,20:30,30.79
2026-07-03,20:45,30.79
2026-07-03,21:00,32.07
2026-07-03,21:15,29.24
2026-07-03,21:30,32.67
2026-07-03,21:45,33.59
2026-07-03,22:00,31.82
2026-07-03,22:15,28.94
2026-07-03,22:30,26.14
2026-07-03,22:45,23.0
2026-07-03,23:00,30.93
2026-07-03,23:15,26.27
2026-07-03,23:30,21.46
2026-07-03,23:45,16.83
2026-07-04,00:00,26.61
2026-07-04,00:15,21.55
2026-07-04,00:30,14.87
2026-07-04,00:45,11.47
2026-07-04,01:00,28.8
2026-07-04,01:15,25.05
2026-07-04,01:30,20.22
2026-07-04,01:45,17.99
2026-07-04,02:00,22.78
2026-07-04,02:15,19.94
2026-07-04,02:30,18.11
2026-07-04,02:45,15.15
2026-07-04,03:00,18.83
2026-07-04,03:15,19.25
2026-07-04,03:30,16.96
2026-07-04,03:45,17.18
2026-07-04,04:00,17.7
2026-07-04,04:15,18.93
2026-07-04,04:30,19.79
2026-07-04,04:45,20.83
2026-07-04,05:00,18.15
2026-07-04,05:15,19.4
2026-07-04,05:30,17.42
2026-07-04,05:45,18.92
2026-07-04,06:00,16.4
2026-07-04,06:15,18.93
2026-07-04,06:30,21.01
2026-07-04,06:45,25.43
2026-07-04,07:00,18.45
2026-07-04,07:15,20.05
2026-07-04,07:30,23.7
2026-07-04,07:45,27.23
2026-07-04,08:00,25.44
2026-07-04,08:15,27.79
2026-07-04,08:30,27.53
2026-07-04,08:45,28.25
2026-07-04,09:00,30.74
2026-07-04,09:15,30.56
2026-07-04,09:30,15.0
2026-07-04,09:45,8.91
2026-07-04,10:00,18.68
2026-07-04,10:15,16.93
2026-07-04,10:30,15.01
2026-07-04,10:45,13.05
2026-07-04,11:00,18.03
2026-07-04,11:15,14.38
2026-07-04,11:30,17.08
2026-07-04,11:45,15.04
2026-07-04,12:00,14.0
2026-07-04,12:15,12.69
2026-07-04,12:30,14.01
2026-07-04,12:45,13.01
2026-07-04,13:00,11.0
2026-07-04,13:15,11.01
2026-07-04,13:30,11.0
2026-07-04,13:45,10.0
2026-07-04,14:00,10.1
2026-07-04,14:15,9.86
2026-07-04,14:30,10.05
2026-07-04,14:45,10.06
2026-07-04,15:00,9.64
2026-07-04,15:15,11.54
2026-07-04,15:30,13.81
2026-07-04,15:45,12.56
2026-07-04,16:00,9.95
2026-07-04,16:15,10.0
2026-07-04,16:30,9.99
2026-07-04,16:45,13.01
2026-07-04,17:00,9.99
2026-07-04,17:15,13.01
2026-07-04,17:30,14.07
2026-07-04,17:45,22.93
2026-07-04,18:00,11.61
2026-07-04,18:15,17.65
2026-07-04,18:30,22.05
2026-07-04,18:45,34.21
2026-07-04,19:00,19.12
2026-07-04,19:15,31.21
2026-07-04,19:30,35.58
2026-07-04,19:45,46.24
2026-07-04,20:00,33.52
2026-07-04,20:15,90.51
2026-07-04,20:30,87.24
2026-07-04,20:45,106.64
2026-07-04,21:00,111.11
2026-07-04,21:15,117.92
2026-07-04,21:30,118.92
2026-07-04,21:45,118.19
2026-07-04,22:00,122.13
2026-07-04,22:15,121.88
2026-07-04,22:30,120.91
2026-07-04,22:45,119.92
2026-07-04,23:00,120.32
2026-07-04,23:15,119.82
2026-07-04,23:30,119.18
2026-07-04,23:45,118.21
2026-07-05,00:00,118.22
2026-07-05,00:15,118.01
2026-07-05,00:30,115.2
2026-07-05,00:45,115.0
2026-07-05,01:00,113.4
2026-07-05,01:15,112.5
2026-07-05,01:30,110.94
2026-07-05,01:45,108.4
2026-07-05,02:00,108.52
2026-07-05,02:15,102.66
2026-07-05,02:30,92.11
2026-07-05,02:45,92.99
2026-07-05,03:00,99.43
2026-07-05,03:15,97.63
2026-07-05,03:30,93.02
2026-07-05,03:45,87.6
2026-07-05,04:00,94.2
2026-07-05,04:15,86.55
2026-07-05,04:30,79.25
2026-07-05,04:45,76.96
2026-07-05,05:00,81.41
2026-07-05,05:15,69.71
2026-07-05,05:30,66.48
2026-07-05,05:45,61.7
2026-07-05,06:00,71.86
2026-07-05,06:15,70.32
2026-07-05,06:30,64.38
2026-07-05,06:45,58.17
2026-07-05,07:00,70.89
2026-07-05,07:15,63.43
2026-07-05,07:30,40.69
2026-07-05,07:45,34.16
2026-07-05,08:00,44.66
2026-07-05,08:15,35.86
2026-07-05,08:30,28.52
2026-07-05,08:45,17.49
2026-07-05,09:00,31.83
2026-07-05,09:15,18.18
2026-07-05,09:30,7.96
2026-07-05,09:45,4.94
2026-07-05,10:00,10.0
2026-07-05,10:15,8.36
2026-07-05,10:30,8.24
2026-07-05,10:45,7.57
2026-07-05,11:00,10.33
2026-07-05,11:15,9.65
2026-07-05,11:30,9.17
2026-07-05,11:45,8.6
2026-07-05,12:00,10.56
2026-07-05,12:15,9.17
2026-07-05,12:30,9.16
2026-07-05,12:45,7.72
2026-07-05,13:00,9.16
2026-07-05,13:15,7.57
2026-07-05,13:30,5.54
2026-07-05,13:45,4.69
2026-07-05,14:00,4.53
2026-07-05,14:15,4.26
2026-07-05,14:30,3.74
2026-07-05,14:45,2.9
2026-07-05,15:00,2.69
2026-07-05,15:15,2.34
2026-07-05,15:30,2.11
2026-07-05,15:45,2.58
2026-07-05,16:00,1.98
2026-07-05,16:15,3.36
2026-07-05,16:30,3.85
2026-07-05,16:45,3.98
2026-07-05,17:00,3.77
2026-07-05,17:15,3.8
2026-07-05,17:30,4.04
2026-07-05,17:45,4.28
2026-07-05,18:00,2.67
2026-07-05,18:15,3.81
2026-07-05,18:30,7.0
2026-07-05,18:45,10.5
2026-07-05,19:00,7.89
2026-07-05,19:15,19.99
2026-07-05,19:30,20.0
2026-07-05,19:45,40.63
2026-07-05,20:00,36.08
2026-07-05,20:15,55.06
2026-07-05,20:30,84.63
2026-07-05,20:45,99.03
2026-07-05,21:00,98.25
2026-07-05,21:15,99.12
2026-07-05,21:30,108.03
2026-07-05,21:45,111.18
2026-07-05,22:00,115.39
2026-07-05,22:15,116.07
2026-07-05,22:30,109.58
2026-07-05,22:45,111.51
2026-07-05,23:00,118.73
2026-07-05,23:15,117.15
2026-07-05,23:30,117.24
2026-07-05,23:45,115.5
2026-07-06,00:00,114.89
2026-07-06,00:15,114.69
2026-07-06,00:30,111.08
2026-07-06,00:45,110.93
2026-07-06,01:00,106.07
2026-07-06,01:15,101.3
2026-07-06,01:30,97.53
2026-07-06,01:45,98.87
2026-07-06,02:00,97.56
2026-07-06,02:15,98.1
2026-07-06,02:30,98.41
2026-07-06,02:45,99.26
2026-07-06,03:00,99.95
2026-07-06,03:15,100.8
2026-07-06,03:30,101.41
2026-07-06,03:45,102.5
2026-07-06,04:00,101.59
2026-07-06,04:15,101.76
2026-07-06,04:30,101.11
2026-07-06,04:45,100.64
2026-07-06,05:00,102.38
2026-07-06,05:15,101.65
2026-07-06,05:30,100.13
2026-07-06,05:45,99.75
2026-07-06,06:00,96.83
2026-07-06,06:15,98.67
2026-07-06,06:30,96.78
2026-07-06,06:45,93.76
2026-07-06,07:00,130.31
2026-07-06,07:15,49.99
2026-07-06,07:30,134.25
2026-07-06,07:45,99.93
2026-07-06,08:00,134.43
2026-07-06,08:15,33.09
2026-07-06,08:30,14.0
2026-07-06,08:45,9.99
2026-07-06,09:00,9.64
2026-07-06,09:15,7.7
2026-07-06,09:30,7.84
2026-07-06,09:45,9.36
2026-07-06,10:00,9.9
2026-07-06,10:15,9.65
2026-07-06,10:30,8.95
2026-07-06,10:45,7.84
2026-07-06,11:00,9.99
2026-07-06,11:15,9.64
2026-07-06,11:30,9.64
2026-07-06,11:45,8.15
2026-07-06,12:00,9.27
2026-07-06,12:15,8.26
2026-07-06,12:30,8.46
2026-07-06,12:45,8.66
2026-07-06,13:00,8.84
2026-07-06,13:15,8.89
2026-07-06,13:30,8.87
2026-07-06,13:45,8.86
2026-07-06,14:00,8.82
2026-07-06,14:15,8.85
2026-07-06,14:30,8.88
2026-07-06,14:45,8.9
2026-07-06,15:00,8.86
2026-07-06,15:15,9.23
2026-07-06,15:30,9.64
2026-07-06,15:45,9.64
2026-07-06,16:00,6.19
2026-07-06,16:15,7.88
2026-07-06,16:30,9.64
2026-07-06,16:45,9.65
2026-07-06,17:00,7.88
2026-07-06,17:15,9.64
2026-07-06,17:30,9.67
2026-07-06,17:45,11.01
2026-07-06,18:00,9.65
2026-07-06,18:15,11.01
2026-07-06,18:30,33.1
2026-07-06,18:45,30.0
2026-07-06,19:00,15.01
2026-07-06,19:15,104.46
2026-07-06,19:30,116.81
2026-07-06,19:45,121.18
2026-07-06,20:00,112.24
2026-07-06,20:15,124.12
2026-07-06,20:30,130.4
2026-07-06,20:45,132.87
2026-07-06,21:00,133.26
2026-07-06,21:15,136.6
2026-07-06,21:30,139.33
2026-07-06,21:45,141.74
2026-07-06,22:00,138.99
2026-07-06,22:15,136.7
2026-07-06,22:30,136.68
2026-07-06,22:45,136.56
2026-07-06,23:00,136.66
2026-07-06,23:15,134.48
2026-07-06,23:30,134.12
2026-07-06,23:45,133.4
2026-07-07,00:00,130.93
2026-07-07,00:15,131.35
2026-07-07,00:30,125.55
2026-07-07,00:45,120.62
2026-07-07,01:00,120.61
2026-07-07,01:15,115.76
2026-07-07,01:30,116.52
2026-07-07,01:45,112.61
2026-07-07,02:00,114.87
2026-07-07,02:15,112.65
2026-07-07,02:30,111.38
2026-07-07,02:45,110.73
2026-07-07,03:00,109.68
2026-07-07,03:15,109.35
2026-07-07,03:30,107.23
2026-07-07,03:45,103.42
2026-07-07,04:00,105.26
2026-07-07,04:15,101.74
2026-07-07,04:30,102.13
2026-07-07,04:45,100.68
2026-07-07,05:00,100.09
2026-07-07,05:15,98.53
2026-07-07,05:30,99.34
2026-07-07,05:45,99.98
2026-07-07,06:00,101.77
2026-07-07,06:15,101.84
2026-07-07,06:30,103.44
2026-07-07,06:45,106.55
2026-07-07,07:00,111.71
2026-07-07,07:15,111.64
2026-07-07,07:30,113.67
2026-07-07,07:45,113.02
2026-07-07,08:00,114.0
2026-07-07,08:15,114.89
2026-07-07,08:30,115.62
2026-07-07,08:45,111.03
2026-07-07,09:00,118.73
2026-07-07,09:15,114.14
2026-07-07,09:30,111.76
2026-07-07,09:45,101.67
2026-07-07,10:00,122.16
2026-07-07,10:15,108.29
2026-07-07,10:30,95.82
2026-07-07,10:45,81.25
2026-07-07,11:00,85.11
2026-07-07,11:15,69.26
2026-07-07,11:30,62.9
2026-07-07,11:45,58.86
2026-07-07,12:00,61.01
2026-07-07,12:15,49.71
2026-07-07,12:30,50.23
2026-07-07,12:45,59.91
2026-07-07,13:00,45.29
2026-07-07,13:15,49.9
2026-07-07,13:30,42.65
2026-07-07,13:45,33.53
2026-07-07,14:00,52.23
2026-07-07,14:15,52.13
2026-07-07,14:30,52.58
2026-07-07,14:45,47.04
2026-07-07,15:00,29.77
2026-07-07,15:15,34.4
2026-07-07,15:30,38.5
2026-07-07,15:45,39.01
2026-07-07,16:00,34.93
2026-07-07,16:15,42.04
2026-07-07,16:30,46.98
2026-07-07,16:45,51.2
2026-07-07,17:00,24.1
2026-07-07,17:15,52.46
2026-07-07,17:30,79.72
2026-07-07,17:45,98.54
2026-07-07,18:00,30.0
2026-07-07,18:15,99.93
2026-07-07,18:30,107.02
2026-07-07,18:45,114.05
2026-07-07,19:00,79.8
2026-07-07,19:15,90.99
2026-07-07,19:30,95.11
2026-07-07,19:45,88.89
2026-07-07,20:00,75.58
2026-07-07,20:15,83.39
2026-07-07,20:30,90.16
2026-07-07,20:45,102.01
2026-07-07,21:00,96.01
2026-07-07,21:15,95.76
2026-07-07,21:30,102.7
2026-07-07,21:45,99.89
2026-07-07,22:00,99.94
2026-07-07,22:15,97.79
2026-07-07,22:30,98.28
2026-07-07,22:45,103.71
2026-07-07,23:00,102.7
2026-07-07,23:15,99.14
2026-07-07,23:30,89.91
2026-07-07,23:45,88.09
2026-07-08,00:00,90.08
2026-07-08,00:15,87.9
2026-07-08,00:30,87.62
2026-07-08,00:45,88.0
2026-07-08,01:00,19.99
2026-07-08,01:15,15.45
2026-07-08,01:30,14.33
2026-07-08,01:45,12.7
2026-07-08,02:00,15.2
2026-07-08,02:15,14.87
2026-07-08,02:30,14.56
2026-07-08,02:45,14.26
2026-07-08,03:00,15.61
2026-07-08,03:15,14.85
2026-07-08,03:30,14.5
2026-07-08,03:45,14.28
2026-07-08,04:00,14.99
2026-07-08,04:15,14.8
2026-07-08,04:30,14.64
2026-07-08,04:45,14.25
2026-07-08,05:00,14.25
2026-07-08,05:15,14.61
2026-07-08,05:30,14.7
2026-07-08,05:45,19.99
2026-07-08,06:00,13.71
2026-07-08,06:15,17.36
2026-07-08,06:30,24.71
2026-07-08,06:45,65.8
2026-07-08,07:00,99.31
2026-07-08,07:15,105.55
2026-07-08,07:30,103.18
2026-07-08,07:45,104.01
2026-07-08,08:00,113.03
2026-07-08,08:15,111.96
2026-07-08,08:30,113.9
2026-07-08,08:45,111.35
2026-07-08,09:00,113.62
2026-07-08,09:15,106.69
2026-07-08,09:30,102.97
2026-07-08,09:45,76.87
2026-07-08,10:00,60.14
2026-07-08,10:15,36.04
2026-07-08,10:30,17.69
2026-07-08,10:45,14.0
2026-07-08,11:00,14.01
2026-07-08,11:15,12.66
2026-07-08,11:30,13.4
2026-07-08,11:45,13.4
2026-07-08,12:00,14.0
2026-07-08,12:15,14.2
2026-07-08,12:30,14.99
2026-07-08,12:45,14.01
2026-07-08,13:00,18.98
2026-07-08,13:15,17.59
2026-07-08,13:30,16.35
2026-07-08,13:45,15.72
2026-07-08,14:00,20.49
2026-07-08,14:15,19.2
2026-07-08,14:30,14.37
2026-07-08,14:45,11.01
2026-07-08,15:00,13.28
2026-07-08,15:15,14.0
2026-07-08,15:30,13.19
2026-07-08,15:45,12.57
2026-07-08,16:00,10.0
2026-07-08,16:15,10.77
2026-07-08,16:30,13.88
2026-07-08,16:45,18.96
2026-07-08,17:00,10.92
2026-07-08,17:15,14.0
2026-07-08,17:30,15.78
2026-07-08,17:45,18.23
2026-07-08,18:00,13.4
2026-07-08,18:15,14.99
2026-07-08,18:30,19.73
2026-07-08,18:45,38.11
2026-07-08,19:00,17.17
2026-07-08,19:15,75.08
2026-07-08,19:30,104.46
2026-07-08,19:45,123.29
2026-07-08,20:00,65.38
2026-07-08,20:15,85.23
2026-07-08,20:30,90.91
2026-07-08,20:45,98.49
2026-07-08,21:00,97.06
2026-07-08,21:15,94.87
2026-07-08,21:30,90.1
2026-07-08,21:45,86.31
2026-07-08,22:00,98.41
2026-07-08,22:15,86.99
2026-07-08,22:30,79.25
2026-07-08,22:45,30.01
2026-07-08,23:00,69.12
2026-07-08,23:15,28.81
2026-07-08,23:30,11.01
2026-07-08,23:45,10.0
2026-07-09,00:00,28.81
2026-07-09,00:15,11.01
2026-07-09,00:30,11.0
2026-07-09,00:45,10.0
2026-07-09,01:00,137.35
2026-07-09,01:15,137.9
2026-07-09,01:30,130.51
2026-07-09,01:45,124.56
2026-07-09,02:00,135.76
2026-07-09,02:15,128.22
2026-07-09,02:30,127.25
2026-07-09,02:45,124.47
2026-07-09,03:00,125.0
2026-07-09,03:15,124.17
2026-07-09,03:30,124.72
2026-07-09,03:45,124.39
2026-07-09,04:00,124.92
2026-07-09,04:15,124.94
2026-07-09,04:30,124.61
2026-07-09,04:45,125.07
2026-07-09,05:00,122.07
2026-07-09,05:15,124.37
2026-07-09,05:30,124.7
2026-07-09,05:45,127.77
2026-07-09,06:00,126.0
2026-07-09,06:15,131.66
2026-07-09,06:30,96.51
2026-07-09,06:45,106.89
2026-07-09,07:00,139.67
2026-07-09,07:15,138.84
2026-07-09,07:30,138.15
2026-07-09,07:45,137.44
2026-07-09,08:00,131.78
2026-07-09,08:15,140.11
2026-07-09,08:30,139.31
2026-07-09,08:45,131.59
2026-07-09,09:00,126.69
2026-07-09,09:15,126.42
2026-07-09,09:30,134.67
2026-07-09,09:45,123.36
2026-07-09,10:00,132.48
2026-07-09,10:15,118.86
2026-07-09,10:30,107.21
2026-07-09,10:45,99.82
2026-07-09,11:00,103.73
2026-07-09,11:15,98.0
2026-07-09,11:30,91.87
2026-07-09,11:45,61.45
2026-07-09,12:00,58.66
2026-07-09,12:15,29.99
2026-07-09,12:30,28.95
2026-07-09,12:45,28.95
2026-07-09,13:00,24.1
2026-07-09,13:15,38.04
2026-07-09,13:30,58.58
2026-07-09,13:45,51.6
2026-07-09,14:00,55.92
2026-07-09,14:15,48.99
2026-07-09,14:30,36.94
2026-07-09,14:45,24.04
2026-07-09,15:00,32.64
2026-07-09,15:15,35.01
2026-07-09,15:30,38.85
2026-07-09,15:45,42.49
2026-07-09,16:00,34.19
2026-07-09,16:15,44.37
2026-07-09,16:30,57.56
2026-07-09,16:45,72.86
2026-07-09,17:00,61.11
2026-07-09,17:15,76.17
2026-07-09,17:30,86.19
2026-07-09,17:45,100.72
2026-07-09,18:00,86.77
2026-07-09,18:15,105.99
2026-07-09,18:30,115.8
2026-07-09,18:45,128.71
2026-07-09,19:00,122.08
2026-07-09,19:15,128.97
2026-07-09,19:30,137.64
2026-07-09,19:45,142.78
2026-07-09,20:00,144.53
2026-07-09,20:15,152.78
2026-07-09,20:30,169.52
2026-07-09,20:45,200.92
2026-07-09,21:00,183.75
2026-07-09,21:15,196.89
2026-07-09,21:30,217.1
2026-07-09,21:45,229.11
2026-07-09,22:00,225.42
2026-07-09,22:15,219.12
2026-07-09,22:30,203.83
2026-07-09,22:45,189.48
2026-07-09,23:00,205.87
2026-07-09,23:15,186.49
2026-07-09,23:30,176.65
2026-07-09,23:45,166.08
2026-07-10,00:00,172.07
2026-07-10,00:15,164.13
2026-07-10,00:30,156.01
2026-07-10,00:45,156.41
2026-07-10,01:00,166.86
2026-07-10,01:15,151.47
2026-07-10,01:30,146.0
2026-07-10,01:45,140.85
2026-07-10,02:00,149.08
2026-07-10,02:15,143.76
2026-07-10,02:30,143.51
2026-07-10,02:45,140.95
2026-07-10,03:00,141.98
2026-07-10,03:15,141.16
2026-07-10,03:30,138.67
2026-07-10,03:45,138.11
2026-07-10,04:00,139.33
2026-07-10,04:15,138.51
2026-07-10,04:30,138.44
2026-07-10,04:45,137.31
2026-07-10,05:00,139.41
2026-07-10,05:15,139.09
2026-07-10,05:30,138.23
2026-07-10,05:45,138.79
2026-07-10,06:00,141.56
2026-07-10,06:15,140.72
2026-07-10,06:30,142.4
2026-07-10,06:45,141.52
2026-07-10,07:00,143.09
2026-07-10,07:15,141.94
2026-07-10,07:30,141.05
2026-07-10,07:45,140.92
2026-07-10,08:00,142.93
2026-07-10,08:15,142.52
2026-07-10,08:30,142.28
2026-07-10,08:45,131.92
2026-07-10,09:00,140.16
2026-07-10,09:15,101.96
2026-07-10,09:30,120.71
2026-07-10,09:45,96.77
2026-07-10,10:00,72.7
2026-07-10,10:15,33.28
2026-07-10,10:30,30.89
2026-07-10,10:45,30.16
2026-07-10,11:00,38.06
2026-07-10,11:15,34.99
2026-07-10,11:30,33.38
2026-07-10,11:45,32.33
2026-07-10,12:00,39.79
2026-07-10,12:15,82.55
2026-07-10,12:30,75.0
2026-07-10,12:45,66.2
2026-07-10,13:00,77.49
2026-07-10,13:15,63.67
2026-07-10,13:30,52.74
2026-07-10,13:45,40.0
2026-07-10,14:00,43.16
2026-07-10,14:15,39.0
2026-07-10,14:30,37.0
2026-07-10,14:45,30.0
2026-07-10,15:00,38.9
2026-07-10,15:15,40.0
2026-07-10,15:30,42.91
2026-07-10,15:45,41.8
2026-07-10,16:00,46.23
2026-07-10,16:15,55.83
2026-07-10,16:30,65.81
2026-07-10,16:45,80.53
2026-07-10,17:00,35.37
2026-07-10,17:15,83.11
2026-07-10,17:30,97.1
2026-07-10,17:45,113.18
2026-07-10,18:00,103.75
2026-07-10,18:15,111.81
2026-07-10,18:30,123.52
2026-07-10,18:45,129.93
2026-07-10,19:00,122.66
2026-07-10,19:15,132.66
2026-07-10,19:30,140.73
2026-07-10,19:45,152.72
2026-07-10,20:00,141.65
2026-07-10,20:15,152.69
2026-07-10,20:30,155.99
2026-07-10,20:45,173.84
2026-07-10,21:00,173.49
2026-07-10,21:15,181.1
2026-07-10,21:30,189.97
2026-07-10,21:45,191.62
2026-07-10,22:00,186.74
2026-07-10,22:15,176.05
2026-07-10,22:30,158.07
2026-07-10,22:45,146.32
2026-07-10,23:00,146.05
2026-07-10,23:15,145.05
2026-07-10,23:30,145.98
2026-07-10,23:45,145.69
2026-07-11,00:00,144.41
2026-07-11,00:15,142.55
2026-07-11,00:30,142.29
2026-07-11,00:45,143.13
2026-07-11,01:00,146.54
2026-07-11,01:15,147.01
2026-07-11,01:30,146.23
2026-07-11,01:45,141.62
2026-07-11,02:00,144.97
2026-07-11,02:15,144.57
2026-07-11,02:30,144.98
2026-07-11,02:45,140.41
2026-07-11,03:00,142.94
2026-07-11,03:15,140.71
2026-07-11,03:30,139.99
2026-07-11,03:45,140.67
2026-07-11,04:00,140.42
2026-07-11,04:15,139.2
2026-07-11,04:30,139.35
2026-07-11,04:45,140.64
2026-07-11,05:00,141.47
2026-07-11,05:15,142.55
2026-07-11,05:30,136.07
2026-07-11,05:45,136.68
2026-07-11,06:00,138.55
2026-07-11,06:15,136.59
2026-07-11,06:30,136.38
2026-07-11,06:45,135.6
2026-07-11,07:00,142.18
2026-07-11,07:15,139.38
2026-07-11,07:30,131.6
2026-07-11,07:45,127.22
2026-07-11,08:00,131.19
2026-07-11,08:15,127.56
2026-07-11,08:30,123.55
2026-07-11,08:45,118.12
2026-07-11,09:00,141.34
2026-07-11,09:15,123.95
2026-07-11,09:30,107.05
2026-07-11,09:45,90.92
2026-07-11,10:00,108.17
2026-07-11,10:15,91.72
2026-07-11,10:30,67.34
2026-07-11,10:45,29.43
2026-07-11,11:00,38.93
2026-07-11,11:15,18.09
2026-07-11,11:30,5.98
2026-07-11,11:45,5.47
2026-07-11,12:00,12.45
2026-07-11,12:15,11.52
2026-07-11,12:30,11.9
2026-07-11,12:45,11.01
2026-07-11,13:00,15.46
2026-07-11,13:15,12.19
2026-07-11,13:30,11.89
2026-07-11,13:45,11.22
2026-07-11,14:00,13.7
2026-07-11,14:15,11.74
2026-07-11,14:30,11.48
2026-07-11,14:45,10.0
2026-07-11,15:00,12.57
2026-07-11,15:15,11.3
2026-07-11,15:30,10.8
2026-07-11,15:45,9.99
2026-07-11,16:00,10.62
2026-07-11,16:15,9.99
2026-07-11,16:30,10.53
2026-07-11,16:45,11.01
2026-07-11,17:00,7.85
2026-07-11,17:15,9.46
2026-07-11,17:30,8.31
2026-07-11,17:45,26.12
2026-07-11,18:00,14.48
2026-07-11,18:15,68.29
2026-07-11,18:30,96.89
2026-07-11,18:45,123.2
2026-07-11,19:00,107.83
2026-07-11,19:15,118.88
2026-07-11,19:30,133.87
2026-07-11,19:45,139.75
2026-07-11,20:00,134.1
2026-07-11,20:15,144.15
2026-07-11,20:30,145.95
2026-07-11,20:45,148.16
2026-07-11,21:00,149.71
2026-07-11,21:15,152.16
2026-07-11,21:30,149.49
2026-07-11,21:45,149.86
2026-07-11,22:00,156.32
2026-07-11,22:15,152.92
2026-07-11,22:30,157.95
2026-07-11,22:45,151.78
2026-07-11,23:00,160.01
2026-07-11,23:15,155.31
2026-07-11,23:30,149.16
2026-07-11,23:45,148.03
2026-07-12,00:00,147.35
2026-07-12,00:15,147.21
2026-07-12,00:30,146.11
2026-07-12,00:45,144.18
2026-07-12,01:00,140.51
2026-07-12,01:15,140.0
2026-07-12,01:30,140.99
2026-07-12,01:45,132.59
2026-07-12,02:00,137.36
2026-07-12,02:15,136.06
2026-07-12,02:30,131.34
2026-07-12,02:45,126.0
2026-07-12,03:00,129.98
2026-07-12,03:15,126.25
2026-07-12,03:30,124.8
2026-07-12,03:45,123.5
2026-07-12,04:00,129.99
2026-07-12,04:15,128.12
2026-07-12,04:30,122.85
2026-07-12,04:45,121.7
2026-07-12,05:00,127.95
2026-07-12,05:15,123.23
2026-07-12,05:30,121.11
2026-07-12,05:45,120.19
2026-07-12,06:00,124.0
2026-07-12,06:15,122.18
2026-07-12,06:30,120.54
2026-07-12,06:45,112.54
2026-07-12,07:00,118.64
2026-07-12,07:15,112.33
2026-07-12,07:30,110.0
2026-07-12,07:45,105.48
2026-07-12,08:00,112.31
2026-07-12,08:15,108.3
2026-07-12,08:30,101.59
2026-07-12,08:45,77.28
2026-07-12,09:00,103.56
2026-07-12,09:15,79.29
2026-07-12,09:30,48.34
2026-07-12,09:45,11.38
2026-07-12,10:00,15.44
2026-07-12,10:15,4.42
2026-07-12,10:30,3.52
2026-07-12,10:45,3.22
2026-07-12,11:00,4.71
2026-07-12,11:15,4.43
2026-07-12,11:30,3.79
2026-07-12,11:45,3.55
2026-07-12,12:00,7.66
2026-07-12,12:15,6.86
2026-07-12,12:30,5.0
2026-07-12,12:45,4.99
2026-07-12,13:00,5.52
2026-07-12,13:15,6.29
2026-07-12,13:30,5.0
2026-07-12,13:45,6.25
2026-07-12,14:00,7.06
2026-07-12,14:15,6.28
2026-07-12,14:30,7.47
2026-07-12,14:45,8.56
2026-07-12,15:00,8.99
2026-07-12,15:15,9.76
2026-07-12,15:30,10.0
2026-07-12,15:45,11.5
2026-07-12,16:00,9.7
2026-07-12,16:15,10.78
2026-07-12,16:30,11.68
2026-07-12,16:45,12.64
2026-07-12,17:00,11.39
2026-07-12,17:15,11.67
2026-07-12,17:30,12.49
2026-07-12,17:45,13.28
2026-07-12,18:00,11.89
2026-07-12,18:15,15.08
2026-07-12,18:30,18.32
2026-07-12,18:45,58.61
2026-07-12,19:00,29.99
2026-07-12,19:15,104.11
2026-07-12,19:30,115.26
2026-07-12,19:45,120.14
2026-07-12,20:00,120.92
2026-07-12,20:15,132.24
2026-07-12,20:30,136.61
2026-07-12,20:45,137.52
2026-07-12,21:00,136.71
2026-07-12,21:15,139.89
2026-07-12,21:30,140.84
2026-07-12,21:45,140.94
2026-07-12,22:00,138.94
2026-07-12,22:15,141.83
2026-07-12,22:30,141.46
2026-07-12,22:45,141.18
2026-07-12,23:00,146.13
2026-07-12,23:15,143.17
2026-07-12,23:30,142.38
2026-07-12,23:45,140.08
2026-07-13,00:00,140.82
2026-07-13,00:15,137.9
2026-07-13,00:30,138.47
2026-07-13,00:45,137.22
2026-07-13,01:00,133.13
2026-07-13,01:15,130.49
2026-07-13,01:30,129.41
2026-07-13,01:45,127.57
2026-07-13,02:00,128.42
2026-07-13,02:15,124.17
2026-07-13,02:30,123.7
2026-07-13,02:45,121.51
2026-07-13,03:00,122.93
2026-07-13,03:15,119.72
2026-07-13,03:30,120.78
2026-07-13,03:45,120.5
2026-07-13,04:00,120.74
2026-07-13,04:15,121.06
2026-07-13,04:30,122.54
2026-07-13,04:45,124.11
2026-07-13,05:00,119.41
2026-07-13,05:15,122.74
2026-07-13,05:30,125.75
2026-07-13,05:45,127.37
2026-07-13,06:00,127.19
2026-07-13,06:15,131.05
2026-07-13,06:30,130.07
2026-07-13,06:45,130.65
2026-07-13,07:00,125.35
2026-07-13,07:15,126.8
2026-07-13,07:30,132.88
2026-07-13,07:45,130.32
2026-07-13,08:00,138.43
2026-07-13,08:15,135.54
2026-07-13,08:30,115.81
2026-07-13,08:45,76.87
2026-07-13,09:00,139.12
2026-07-13,09:15,99.93
2026-07-13,09:30,26.11
2026-07-13,09:45,19.28
2026-07-13,10:00,26.04
2026-07-13,10:15,17.37
2026-07-13,10:30,15.86
2026-07-13,10:45,16.08
2026-07-13,11:00,20.0
2026-07-13,11:15,20.0
2026-07-13,11:30,20.0
2026-07-13,11:45,20.0
2026-07-13,12:00,18.01
2026-07-13,12:15,15.8
2026-07-13,12:30,15.34
2026-07-13,12:45,14.01
2026-07-13,13:00,16.42
2026-07-13,13:15,16.44
2026-07-13,13:30,15.02
2026-07-13,13:45,18.0
2026-07-13,14:00,18.0
2026-07-13,14:15,17.38
2026-07-13,14:30,14.0
2026-07-13,14:45,18.01
2026-07-13,15:00,14.0
2026-07-13,15:15,15.02
2026-07-13,15:30,18.0
2026-07-13,15:45,58.35
2026-07-13,16:00,30.0
2026-07-13,16:15,56.55
2026-07-13,16:30,66.94
2026-07-13,16:45,85.86
2026-07-13,17:00,71.7
2026-07-13,17:15,11.88
2026-07-13,17:30,19.74
2026-07-13,17:45,28.04
2026-07-13,18:00,101.15
2026-07-13,18:15,120.26
2026-07-13,18:30,137.6
2026-07-13,18:45,139.04
2026-07-13,19:00,131.47
2026-07-13,19:15,143.1
2026-07-13,19:30,149.56
2026-07-13,19:45,154.7
2026-07-13,20:00,152.56
2026-07-13,20:15,158.06
2026-07-13,20:30,174.89
2026-07-13,20:45,196.68
2026-07-13,21:00,177.33
2026-07-13,21:15,178.18
2026-07-13,21:30,178.81
2026-07-13,21:45,180.14
2026-07-13,22:00,181.09
2026-07-13,22:15,169.76
2026-07-13,22:30,161.43
2026-07-13,22:45,153.31
2026-07-13,23:00,171.36
2026-07-13,23:15,155.63
2026-07-13,23:30,155.47
2026-07-13,23:45,150.47
2026-07-14,00:00,153.72
2026-07-14,00:15,148.04
2026-07-14,00:30,144.91
2026-07-14,00:45,143.51
2026-07-14,01:00,150.97
2026-07-14,01:15,144.66
2026-07-14,01:30,142.86
2026-07-14,01:45,143.78
2026-07-14,02:00,140.63
2026-07-14,02:15,136.46
2026-07-14,02:30,134.93
2026-07-14,02:45,131.15
2026-07-14,03:00,131.12
2026-07-14,03:15,128.2
2026-07-14,03:30,128.87
2026-07-14,03:45,126.95
2026-07-14,04:00,129.51
2026-07-14,04:15,128.69
2026-07-14,04:30,128.49
2026-07-14,04:45,127.74
2026-07-14,05:00,126.65
2026-07-14,05:15,126.92
2026-07-14,05:30,129.49
2026-07-14,05:45,131.04
2026-07-14,06:00,132.95
2026-07-14,06:15,134.9
2026-07-14,06:30,138.79
2026-07-14,06:45,144.42
2026-07-14,07:00,140.83
2026-07-14,07:15,141.73
2026-07-14,07:30,142.74
2026-07-14,07:45,141.35
2026-07-14,08:00,145.84
2026-07-14,08:15,145.62
2026-07-14,08:30,147.36
2026-07-14,08:45,99.96
2026-07-14,09:00,143.97
2026-07-14,09:15,141.05
2026-07-14,09:30,132.25
2026-07-14,09:45,124.54
2026-07-14,10:00,134.94
2026-07-14,10:15,124.52
2026-07-14,10:30,103.56
2026-07-14,10:45,15.0
2026-07-14,11:00,14.42
2026-07-14,11:15,12.77
2026-07-14,11:30,11.88
2026-07-14,11:45,8.9
2026-07-14,12:00,14.0
2026-07-14,12:15,18.01
2026-07-14,12:30,18.01
2026-07-14,12:45,18.01
2026-07-14,13:00,18.01
2026-07-14,13:15,18.01
2026-07-14,13:30,20.0
2026-07-14,13:45,19.99
2026-07-14,14:00,20.0
2026-07-14,14:15,20.0
2026-07-14,14:30,20.01
2026-07-14,14:45,29.99
2026-07-14,15:00,52.6
2026-07-14,15:15,54.75
2026-07-14,15:30,59.75
2026-07-14,15:45,64.64
2026-07-14,16:00,58.31
2026-07-14,16:15,62.65
2026-07-14,16:30,65.03
2026-07-14,16:45,68.25
2026-07-14,17:00,62.82
2026-07-14,17:15,103.77
2026-07-14,17:30,104.5
2026-07-14,17:45,122.16
2026-07-14,18:00,99.03
2026-07-14,18:15,110.94
2026-07-14,18:30,124.25
2026-07-14,18:45,129.98
2026-07-14,19:00,127.56
2026-07-14,19:15,132.58
2026-07-14,19:30,139.59
2026-07-14,19:45,141.01
2026-07-14,20:00,145.6
2026-07-14,20:15,153.53
2026-07-14,20:30,163.31
2026-07-14,20:45,177.43
2026-07-14,21:00,174.17
2026-07-14,21:15,180.45
2026-07-14,21:30,184.47
2026-07-14,21:45,185.34
2026-07-14,22:00,178.58
2026-07-14,22:15,172.74
2026-07-14,22:30,172.52
2026-07-14,22:45,170.62
2026-07-14,23:00,176.05
2026-07-14,23:15,169.08
2026-07-14,23:30,165.97
2026-07-14,23:45,158.68
2026-07-15,00:00,158.17
2026-07-15,00:15,149.39
2026-07-15,00:30,144.72
2026-07-15,00:45,144.26
2026-07-15,01:00,151.12
2026-07-15,01:15,150.51
2026-07-15,01:30,149.81
2026-07-15,01:45,146.61
2026-07-15,02:00,147.43
2026-07-15,02:15,145.0
2026-07-15,02:30,143.61
2026-07-15,02:45,140.9
2026-07-15,03:00,141.39
2026-07-15,03:15,139.6
2026-07-15,03:30,140.07
2026-07-15,03:45,138.89
2026-07-15,04:00,137.81
2026-07-15,04:15,137.11
2026-07-15,04:30,137.12
2026-07-15,04:45,137.01
2026-07-15,05:00,137.95
2026-07-15,05:15,139.44
2026-07-15,05:30,141.03
2026-07-15,05:45,143.98
2026-07-15,06:00,139.07
2026-07-15,06:15,142.82
2026-07-15,06:30,144.03
2026-07-15,06:45,143.01
2026-07-15,07:00,145.77
2026-07-15,07:15,146.07
2026-07-15,07:30,148.05
2026-07-15,07:45,150.12
2026-07-15,08:00,172.71
2026-07-15,08:15,166.89
2026-07-15,08:30,153.39
2026-07-15,08:45,151.9
2026-07-15,09:00,153.38
2026-07-15,09:15,152.42
2026-07-15,09:30,152.91
2026-07-15,09:45,139.89
2026-07-15,10:00,145.57
2026-07-15,10:15,139.48
2026-07-15,10:30,130.27
2026-07-15,10:45,120.37
2026-07-15,11:00,131.0
2026-07-15,11:15,115.31
2026-07-15,11:30,101.55
2026-07-15,11:45,97.3
2026-07-15,12:00,101.71
2026-07-15,12:15,91.95
2026-07-15,12:30,92.74
2026-07-15,12:45,59.15
2026-07-15,13:00,90.18
2026-07-15,13:15,76.52
2026-07-15,13:30,69.7
2026-07-15,13:45,66.29
2026-07-15,14:00,70.48
2026-07-15,14:15,70.53
2026-07-15,14:30,63.17
2026-07-15,14:45,62.08
2026-07-15,15:00,62.49
2026-07-15,15:15,62.91
2026-07-15,15:30,64.33
2026-07-15,15:45,67.66
2026-07-15,16:00,60.86
2026-07-15,16:15,62.92
2026-07-15,16:30,70.65
2026-07-15,16:45,82.41
2026-07-15,17:00,74.06
2026-07-15,17:15,103.03
2026-07-15,17:30,22.72
2026-07-15,17:45,38.07
2026-07-15,18:00,39.56
2026-07-15,18:15,90.53
2026-07-15,18:30,131.69
2026-07-15,18:45,150.7
2026-07-15,19:00,125.15
2026-07-15,19:15,143.83
2026-07-15,19:30,159.02
2026-07-15,19:45,180.66
2026-07-15,20:00,154.54
2026-07-15,20:15,182.5
2026-07-15,20:30,215.77
2026-07-15,20:45,244.7
2026-07-15,21:00,201.4
2026-07-15,21:15,204.78
2026-07-15,21:30,212.42
2026-07-15,21:45,211.78
2026-07-15,22:00,216.77
2026-07-15,22:15,194.59
2026-07-15,22:30,195.17
2026-07-15,22:45,169.99
2026-07-15,23:00,197.51
2026-07-15,23:15,188.92
2026-07-15,23:30,163.13
2026-07-15,23:45,155.28
2026-07-16,00:00,170.0
2026-07-16,00:15,163.19
2026-07-16,00:30,163.36
2026-07-16,00:45,163.51
2026-07-16,01:00,172.46
2026-07-16,01:15,169.04
2026-07-16,01:30,163.51
2026-07-16,01:45,158.79
2026-07-16,02:00,162.03
2026-07-16,02:15,158.0
2026-07-16,02:30,158.97
2026-07-16,02:45,157.8
2026-07-16,03:00,155.08
2026-07-16,03:15,154.0
2026-07-16,03:30,150.88
2026-07-16,03:45,148.37
2026-07-16,04:00,152.01
2026-07-16,04:15,147.55
2026-07-16,04:30,148.08
2026-07-16,04:45,148.17
2026-07-16,05:00,150.61
2026-07-16,05:15,151.81
2026-07-16,05:30,153.77
2026-07-16,05:45,154.94
2026-07-16,06:00,155.2
2026-07-16,06:15,156.91
2026-07-16,06:30,156.14
2026-07-16,06:45,153.62
2026-07-16,07:00,160.19
2026-07-16,07:15,158.47
2026-07-16,07:30,161.59
2026-07-16,07:45,159.79
2026-07-16,08:00,166.28
2026-07-16,08:15,164.88
2026-07-16,08:30,162.87
2026-07-16,08:45,161.15
2026-07-16,09:00,145.01
2026-07-16,09:15,131.94
2026-07-16,09:30,138.0
2026-07-16,09:45,29.14
2026-07-16,10:00,30.0
2026-07-16,10:15,15.0
2026-07-16,10:30,14.0
2026-07-16,10:45,12.0
2026-07-16,11:00,20.0
2026-07-16,11:15,15.02
2026-07-16,11:30,14.01
2026-07-16,11:45,14.0
2026-07-16,12:00,14.0
2026-07-16,12:15,13.01
2026-07-16,12:30,36.3
2026-07-16,12:45,97.75
2026-07-16,13:00,19.99
2026-07-16,13:15,20.0
2026-07-16,13:30,20.0
2026-07-16,13:45,20.01
2026-07-16,14:00,20.0
2026-07-16,14:15,20.01
2026-07-16,14:30,20.01
2026-07-16,14:45,29.99
2026-07-16,15:00,30.0
2026-07-16,15:15,37.24
2026-07-16,15:30,96.11
2026-07-16,15:45,104.42
2026-07-16,16:00,42.87
2026-07-16,16:15,107.75
2026-07-16,16:30,43.18
2026-07-16,16:45,95.57
2026-07-16,17:00,40.97
2026-07-16,17:15,56.24
2026-07-16,17:30,127.74
2026-07-16,17:45,135.85
2026-07-16,18:00,38.27
2026-07-16,18:15,124.31
2026-07-16,18:30,145.54
2026-07-16,18:45,163.67
2026-07-16,19:00,157.46
2026-07-16,19:15,204.94
2026-07-16,19:30,203.76
2026-07-16,19:45,235.02
2026-07-16,20:00,207.79
2026-07-16,20:15,239.85
2026-07-16,20:30,256.04
2026-07-16,20:45,266.43
2026-07-16,21:00,252.8
2026-07-16,21:15,257.82
2026-07-16,21:30,259.35
2026-07-16,21:45,256.31
2026-07-16,22:00,210.23
2026-07-16,22:15,208.01
2026-07-16,22:30,208.5
2026-07-16,22:45,203.75
2026-07-16,23:00,175.52
2026-07-16,23:15,174.34
2026-07-16,23:30,205.0
2026-07-16,23:45,173.62
2026-07-17,00:00,196.03
2026-07-17,00:15,180.6
2026-07-17,00:30,175.1
2026-07-17,00:45,169.52
2026-07-17,01:00,137.42
2026-07-17,01:15,169.48
2026-07-17,01:30,165.71
2026-07-17,01:45,166.16
2026-07-17,02:00,164.03
2026-07-17,02:15,162.88
2026-07-17,02:30,160.64
2026-07-17,02:45,155.28
2026-07-17,03:00,156.97
2026-07-17,03:15,153.0
2026-07-17,03:30,151.91
2026-07-17,03:45,146.02
2026-07-17,04:00,151.11
2026-07-17,04:15,146.6
2026-07-17,04:30,143.54
2026-07-17,04:45,143.15
2026-07-17,05:00,141.04
2026-07-17,05:15,143.29
2026-07-17,05:30,143.46
2026-07-17,05:45,147.55
2026-07-17,06:00,152.16
2026-07-17,06:15,152.2
2026-07-17,06:30,152.79
2026-07-17,06:45,158.76
2026-07-17,07:00,162.22
2026-07-17,07:15,167.91
2026-07-17,07:30,158.59
2026-07-17,07:45,149.02
2026-07-17,08:00,165.41
2026-07-17,08:15,81.34
2026-07-17,08:30,15.02
2026-07-17,08:45,20.7
2026-07-17,09:00,12.0
2026-07-17,09:15,11.89
2026-07-17,09:30,14.01
2026-07-17,09:45,11.93
2026-07-17,10:00,15.01
2026-07-17,10:15,14.01
2026-07-17,10:30,12.14
2026-07-17,10:45,11.89
2026-07-17,11:00,12.77
2026-07-17,11:15,11.99
2026-07-17,11:30,11.99
2026-07-17,11:45,11.88
2026-07-17,12:00,14.01
2026-07-17,12:15,14.01
2026-07-17,12:30,14.01
2026-07-17,12:45,14.0
2026-07-17,13:00,14.0
2026-07-17,13:15,14.01
2026-07-17,13:30,12.93
2026-07-17,13:45,12.01
2026-07-17,14:00,14.01
2026-07-17,14:15,14.01
2026-07-17,14:30,14.01
2026-07-17,14:45,14.01
2026-07-17,15:00,14.01
2026-07-17,15:15,15.01
2026-07-17,15:30,11.88
2026-07-17,15:45,12.13
2026-07-17,16:00,10.0
2026-07-17,16:15,11.89
2026-07-17,16:30,10.68
2026-07-17,16:45,12.77
2026-07-17,17:00,7.53
2026-07-17,17:15,9.22
2026-07-17,17:30,12.01
2026-07-17,17:45,15.46
2026-07-17,18:00,116.49
2026-07-17,18:15,123.84
2026-07-17,18:30,145.0
2026-07-17,18:45,150.77
2026-07-17,19:00,140.27
2026-07-17,19:15,148.23
2026-07-17,19:30,149.64
2026-07-17,19:45,158.92
2026-07-17,20:00,156.49
2026-07-17,20:15,164.79
2026-07-17,20:30,164.88
2026-07-17,20:45,166.8
2026-07-17,21:00,160.11
2026-07-17,21:15,162.11
2026-07-17,21:30,166.14
2026-07-17,21:45,167.74
2026-07-17,22:00,166.4
2026-07-17,22:15,164.18
2026-07-17,22:30,164.43
2026-07-17,22:45,164.41
2026-07-17,23:00,165.44
2026-07-17,23:15,164.74
2026-07-17,23:30,163.27
2026-07-17,23:45,161.36
2026-07-18,00:00,160.0
2026-07-18,00:15,159.71
2026-07-18,00:30,159.04
2026-07-18,00:45,150.48
2026-07-18,01:00,155.35
2026-07-18,01:15,158.58
2026-07-18,01:30,151.24
2026-07-18,01:45,145.0
2026-07-18,02:00,150.98
2026-07-18,02:15,146.81
2026-07-18,02:30,137.22
2026-07-18,02:45,120.0
2026-07-18,03:00,126.04
2026-07-18,03:15,119.65
2026-07-18,03:30,116.23
2026-07-18,03:45,118.08
2026-07-18,04:00,120.0
2026-07-18,04:15,110.37
2026-07-18,04:30,59.61
2026-07-18,04:45,30.01
2026-07-18,05:00,137.37
2026-07-18,05:15,135.76
2026-07-18,05:30,130.55
2026-07-18,05:45,117.85
2026-07-18,06:00,126.55
2026-07-18,06:15,120.0
2026-07-18,06:30,59.44
2026-07-18,06:45,14.0
2026-07-18,07:00,13.02
2026-07-18,07:15,12.95
2026-07-18,07:30,13.47
2026-07-18,07:45,13.16
2026-07-18,08:00,14.0
2026-07-18,08:15,13.07
2026-07-18,08:30,13.4
2026-07-18,08:45,14.0
2026-07-18,09:00,13.06
2026-07-18,09:15,14.0
2026-07-18,09:30,13.63
2026-07-18,09:45,13.7
2026-07-18,10:00,10.43
2026-07-18,10:15,11.89
2026-07-18,10:30,13.55
2026-07-18,10:45,11.0
2026-07-18,11:00,16.38
2026-07-18,11:15,11.96
2026-07-18,11:30,7.17
2026-07-18,11:45,7.69
2026-07-18,12:00,9.62
2026-07-18,12:15,9.99
2026-07-18,12:30,9.51
2026-07-18,12:45,8.72
2026-07-18,13:00,8.52
2026-07-18,13:15,8.05
2026-07-18,13:30,7.1
2026-07-18,13:45,7.02
2026-07-18,14:00,7.78
2026-07-18,14:15,7.75
2026-07-18,14:30,7.76
2026-07-18,14:45,7.69
2026-07-18,15:00,7.73
2026-07-18,15:15,7.99
2026-07-18,15:30,8.26
2026-07-18,15:45,7.7
2026-07-18,16:00,8.66
2026-07-18,16:15,8.78
2026-07-18,16:30,9.25
2026-07-18,16:45,10.57
2026-07-18,17:00,7.69
2026-07-18,17:15,10.13
2026-07-18,17:30,10.35
2026-07-18,17:45,12.7
2026-07-18,18:00,10.47
2026-07-18,18:15,10.4
2026-07-18,18:30,11.15
2026-07-18,18:45,11.16
2026-07-18,19:00,10.0
2026-07-18,19:15,19.4
2026-07-18,19:30,44.32
2026-07-18,19:45,100.37
2026-07-18,20:00,86.65
2026-07-18,20:15,106.37
2026-07-18,20:30,112.94
2026-07-18,20:45,118.7
2026-07-18,21:00,117.15
2026-07-18,21:15,125.6
2026-07-18,21:30,126.21
2026-07-18,21:45,127.8
2026-07-18,22:00,138.75
2026-07-18,22:15,134.02
2026-07-18,22:30,135.29
2026-07-18,22:45,128.33
2026-07-18,23:00,139.8
2026-07-18,23:15,138.59
2026-07-18,23:30,144.38
2026-07-18,23:45,145.91
2026-07-19,00:00,131.61
2026-07-19,00:15,132.7
2026-07-19,00:30,138.52
2026-07-19,00:45,136.06
2026-07-19,01:00,108.66
2026-07-19,01:15,92.14
2026-07-19,01:30,70.1
2026-07-19,01:45,50.0
2026-07-19,02:00,81.59
2026-07-19,02:15,63.27
2026-07-19,02:30,30.46
2026-07-19,02:45,24.68
2026-07-19,03:00,30.01
2026-07-19,03:15,21.66
2026-07-19,03:30,20.01
2026-07-19,03:45,17.69
2026-07-19,04:00,17.72
2026-07-19,04:15,17.28
2026-07-19,04:30,15.28
2026-07-19,04:45,14.53
2026-07-19,05:00,12.99
2026-07-19,05:15,11.0
2026-07-19,05:30,8.32
2026-07-19,05:45,7.69
2026-07-19,06:00,6.13
2026-07-19,06:15,5.81
2026-07-19,06:30,5.6
2026-07-19,06:45,7.73
2026-07-19,07:00,6.19
2026-07-19,07:15,6.1
2026-07-19,07:30,3.93
2026-07-19,07:45,3.79
2026-07-19,08:00,3.8
2026-07-19,08:15,2.67
2026-07-19,08:30,2.69
2026-07-19,08:45,3.03
2026-07-19,09:00,2.17
2026-07-19,09:15,0.1
2026-07-19,09:30,0.05
2026-07-19,09:45,0.01
2026-07-19,10:00,0.09
2026-07-19,10:15,0.08
2026-07-19,10:30,0.07
2026-07-19,10:45,0.01
2026-07-19,11:00,0.06
2026-07-19,11:15,0.01
2026-07-19,11:30,0.37
2026-07-19,11:45,0.35
2026-07-19,12:00,0.14
2026-07-19,12:15,0.37
2026-07-19,12:30,0.37
2026-07-19,12:45,0.1
2026-07-19,13:00,0.62
2026-07-19,13:15,0.37
2026-07-19,13:30,0.6
2026-07-19,13:45,0.97
2026-07-19,14:00,0.39
2026-07-19,14:15,0.36
2026-07-19,14:30,0.09
2026-07-19,14:45,0.01
2026-07-19,15:00,0.59
2026-07-19,15:15,0.31
2026-07-19,15:30,0.32
2026-07-19,15:45,1.07
2026-07-19,16:00,1.17
2026-07-19,16:15,1.87
2026-07-19,16:30,1.99
2026-07-19,16:45,2.88
2026-07-19,17:00,1.88
2026-07-19,17:15,3.43
2026-07-19,17:30,4.32
2026-07-19,17:45,5.37
2026-07-19,18:00,4.92
2026-07-19,18:15,6.15
2026-07-19,18:30,9.53
2026-07-19,18:45,16.18
2026-07-19,19:00,7.4
2026-07-19,19:15,35.76
2026-07-19,19:30,99.96
2026-07-19,19:45,129.63
2026-07-19,20:00,101.24
2026-07-19,20:15,123.12
2026-07-19,20:30,133.58
2026-07-19,20:45,141.17
2026-07-19,21:00,131.31
2026-07-19,21:15,141.7
2026-07-19,21:30,151.17
2026-07-19,21:45,157.37
2026-07-19,22:00,152.89
2026-07-19,22:15,150.97
2026-07-19,22:30,150.04
2026-07-19,22:45,147.15
2026-07-19,23:00,159.23
2026-07-19,23:15,151.19
2026-07-19,23:30,148.95
2026-07-19,23:45,141.59
2026-07-20,00:00,152.03
2026-07-20,00:15,137.02
2026-07-20,00:30,135.65
2026-07-20,00:45,128.43
2026-07-20,01:00,149.0
2026-07-20,01:15,150.11
2026-07-20,01:30,140.74
2026-07-20,01:45,120.15
2026-07-20,02:00,148.25
2026-07-20,02:15,140.01
2026-07-20,02:30,135.68
2026-07-20,02:45,98.85
2026-07-20,03:00,127.47
2026-07-20,03:15,119.87
2026-07-20,03:30,110.54
2026-07-20,03:45,82.61
2026-07-20,04:00,118.8
2026-07-20,04:15,103.64
2026-07-20,04:30,80.06
2026-07-20,04:45,50.12
2026-07-20,05:00,65.59
2026-07-20,05:15,55.55
2026-07-20,05:30,30.09
2026-07-20,05:45,26.41
2026-07-20,06:00,39.86
2026-07-20,06:15,52.88
2026-07-20,06:30,60.92
2026-07-20,06:45,71.63
2026-07-20,07:00,82.75
2026-07-20,07:15,104.74
2026-07-20,07:30,147.5
2026-07-20,07:45,145.01
2026-07-20,08:00,159.92
2026-07-20,08:15,146.24
2026-07-20,08:30,146.23
2026-07-20,08:45,139.76
2026-07-20,09:00,157.06
2026-07-20,09:15,140.86
2026-07-20,09:30,119.99
2026-07-20,09:45,69.51
2026-07-20,10:00,113.72
2026-07-20,10:15,102.0
2026-07-20,10:30,89.33
2026-07-20,10:45,58.35
2026-07-20,11:00,83.1
2026-07-20,11:15,34.29
2026-07-20,11:30,20.0
2026-07-20,11:45,17.08
2026-07-20,12:00,28.21
2026-07-20,12:15,20.56
2026-07-20,12:30,16.86
2026-07-20,12:45,17.37
2026-07-20,13:00,21.95
2026-07-20,13:15,19.99
2026-07-20,13:30,17.37
2026-07-20,13:45,14.93
2026-07-20,14:00,19.99
2026-07-20,14:15,17.71
2026-07-20,14:30,14.97
2026-07-20,14:45,13.7
2026-07-20,15:00,15.65
2026-07-20,15:15,15.74
2026-07-20,15:30,17.37
2026-07-20,15:45,17.55
2026-07-20,16:00,17.09
2026-07-20,16:15,15.43
2026-07-20,16:30,17.71
2026-07-20,16:45,18.92
2026-07-20,17:00,10.73
2026-07-20,17:15,15.0
2026-07-20,17:30,19.99
2026-07-20,17:45,28.62
2026-07-20,18:00,11.89
2026-07-20,18:15,17.9
2026-07-20,18:30,28.45
2026-07-20,18:45,81.01
2026-07-20,19:00,62.36
2026-07-20,19:15,110.27
2026-07-20,19:30,130.4
2026-07-20,19:45,145.98
2026-07-20,20:00,144.71
2026-07-20,20:15,155.05
2026-07-20,20:30,161.72
2026-07-20,20:45,165.37
2026-07-20,21:00,164.98
2026-07-20,21:15,167.29
2026-07-20,21:30,167.73
2026-07-20,21:45,168.21
2026-07-20,22:00,166.51
2026-07-20,22:15,164.9
2026-07-20,22:30,164.84
2026-07-20,22:45,164.49
2026-07-20,23:00,164.29
2026-07-20,23:15,164.12
2026-07-20,23:30,163.57
2026-07-20,23:45,163.25
2026-07-21,00:00,162.66
2026-07-21,00:15,156.28
2026-07-21,00:30,152.62
2026-07-21,00:45,140.01
2026-07-21,01:00,149.62
2026-07-21,01:15,146.2
2026-07-21,01:30,141.0
2026-07-21,01:45,125.83
2026-07-21,02:00,137.45
2026-07-21,02:15,129.7
2026-07-21,02:30,120.19
2026-07-21,02:45,107.15
2026-07-21,03:00,123.22
2026-07-21,03:15,117.9
2026-07-21,03:30,113.9
2026-07-21,03:45,121.62
2026-07-21,04:00,125.17
2026-07-21,04:15,122.55
2026-07-21,04:30,118.84
2026-07-21,04:45,105.99
2026-07-21,05:00,108.48
2026-07-21,05:15,108.15
2026-07-21,05:30,113.47
2026-07-21,05:45,124.04
2026-07-21,06:00,89.63
2026-07-21,06:15,113.76
2026-07-21,06:30,134.8
2026-07-21,06:45,141.78
2026-07-21,07:00,153.22
2026-07-21,07:15,138.16
2026-07-21,07:30,69.84
2026-07-21,07:45,99.06
2026-07-21,08:00,152.01
2026-07-21,08:15,156.36
2026-07-21,08:30,153.12
2026-07-21,08:45,136.35
2026-07-21,09:00,156.08
2026-07-21,09:15,146.99
2026-07-21,09:30,141.72
2026-07-21,09:45,125.57
2026-07-21,10:00,137.56
2026-07-21,10:15,120.32
2026-07-21,10:30,107.37
2026-07-21,10:45,78.83
2026-07-21,11:00,63.05
2026-07-21,11:15,69.25
2026-07-21,11:30,46.7
2026-07-21,11:45,26.39
2026-07-21,12:00,43.81
2026-07-21,12:15,40.67
2026-07-21,12:30,38.84
2026-07-21,12:45,16.34
2026-07-21,13:00,23.07
2026-07-21,13:15,21.08
2026-07-21,13:30,20.62
2026-07-21,13:45,20.12
2026-07-21,14:00,18.77
2026-07-21,14:15,19.81
2026-07-21,14:30,19.99
2026-07-21,14:45,20.54
2026-07-21,15:00,18.0
2026-07-21,15:15,18.27
2026-07-21,15:30,19.36
2026-07-21,15:45,20.48
2026-07-21,16:00,16.82
2026-07-21,16:15,18.76
2026-07-21,16:30,17.77
2026-07-21,16:45,34.21
2026-07-21,17:00,24.58
2026-07-21,17:15,38.63
2026-07-21,17:30,54.82
2026-07-21,17:45,81.49
2026-07-21,18:00,77.25
2026-07-21,18:15,94.37
2026-07-21,18:30,117.71
2026-07-21,18:45,127.07
2026-07-21,19:00,125.58
2026-07-21,19:15,136.93
2026-07-21,19:30,144.72
2026-07-21,19:45,152.62
2026-07-21,20:00,151.98
2026-07-21,20:15,155.19
2026-07-21,20:30,160.88
2026-07-21,20:45,167.02
2026-07-21,21:00,162.91
2026-07-21,21:15,165.41
2026-07-21,21:30,165.58
2026-07-21,21:45,165.69
2026-07-21,22:00,166.35
2026-07-21,22:15,166.47
2026-07-21,22:30,166.16
2026-07-21,22:45,165.86
2026-07-21,23:00,161.86
2026-07-21,23:15,162.56
2026-07-21,23:30,162.19
2026-07-21,23:45,158.91
2026-07-22,00:00,155.89
2026-07-22,00:15,156.08
2026-07-22,00:30,149.41
2026-07-22,00:45,137.2
2026-07-22,01:00,116.0
2026-07-22,01:15,79.81
2026-07-22,01:30,56.01
2026-07-22,01:45,30.06
2026-07-22,02:00,94.46
2026-07-22,02:15,66.23
2026-07-22,02:30,46.19
2026-07-22,02:45,28.72
2026-07-22,03:00,56.35
2026-07-22,03:15,56.25
2026-07-22,03:30,103.24
2026-07-22,03:45,104.14
2026-07-22,04:00,95.64
2026-07-22,04:15,90.32
2026-07-22,04:30,88.51
2026-07-22,04:45,89.85
2026-07-22,05:00,99.43
2026-07-22,05:15,92.76
2026-07-22,05:30,114.61
2026-07-22,05:45,117.8
2026-07-22,06:00,92.58
2026-07-22,06:15,113.72
2026-07-22,06:30,113.72
2026-07-22,06:45,118.2
2026-07-22,07:00,100.41
2026-07-22,07:15,118.72
2026-07-22,07:30,126.13
2026-07-22,07:45,125.86
2026-07-22,08:00,121.9
2026-07-22,08:15,115.43
2026-07-22,08:30,126.28
2026-07-22,08:45,124.66
2026-07-22,09:00,127.69
2026-07-22,09:15,126.54
2026-07-22,09:30,118.57
2026-07-22,09:45,102.07
2026-07-22,10:00,123.58
2026-07-22,10:15,102.92
2026-07-22,10:30,86.67
2026-07-22,10:45,60.08
2026-07-22,11:00,92.12
2026-07-22,11:15,68.02
2026-07-22,11:30,58.28
2026-07-22,11:45,46.45
2026-07-22,12:00,48.64
2026-07-22,12:15,33.19
2026-07-22,12:30,23.91
2026-07-22,12:45,19.07
2026-07-22,13:00,26.01
2026-07-22,13:15,24.89
2026-07-22,13:30,22.78
2026-07-22,13:45,20.0
2026-07-22,14:00,22.6
2026-07-22,14:15,21.11
2026-07-22,14:30,20.51
2026-07-22,14:45,18.24
2026-07-22,15:00,21.34
2026-07-22,15:15,19.95
2026-07-22,15:30,21.84
2026-07-22,15:45,21.96
2026-07-22,16:00,20.24
2026-07-22,16:15,22.31
2026-07-22,16:30,20.43
2026-07-22,16:45,20.83
2026-07-22,17:00,16.04
2026-07-22,17:15,17.46
2026-07-22,17:30,23.43
2026-07-22,17:45,26.81
2026-07-22,18:00,23.22
2026-07-22,18:15,60.2
2026-07-22,18:30,71.67
2026-07-22,18:45,104.98
2026-07-22,19:00,82.03
2026-07-22,19:15,104.17
2026-07-22,19:30,126.01
2026-07-22,19:45,151.51
2026-07-22,20:00,127.95
2026-07-22,20:15,137.99
2026-07-22,20:30,132.97
2026-07-22,20:45,139.49
2026-07-22,21:00,145.0
2026-07-22,21:15,145.92
2026-07-22,21:30,149.99
2026-07-22,21:45,149.0
2026-07-22,22:00,149.76
2026-07-22,22:15,148.91
2026-07-22,22:30,147.63
2026-07-22,22:45,145.01
2026-07-22,23:00,147.83
2026-07-22,23:15,145.67
2026-07-22,23:30,144.68
2026-07-22,23:45,139.36
2026-07-23,00:00,133.19
2026-07-23,00:15,131.54
2026-07-23,00:30,136.05
2026-07-23,00:45,133.46
2026-07-23,01:00,145.0
2026-07-23,01:15,142.91
2026-07-23,01:30,99.98
2026-07-23,01:45,92.11
2026-07-23,02:00,128.75
2026-07-23,02:15,99.92
2026-07-23,02:30,89.19
2026-07-23,02:45,82.14
2026-07-23,03:00,97.38
2026-07-23,03:15,91.93
2026-07-23,03:30,69.99
2026-07-23,03:45,49.99
2026-07-23,04:00,92.44
2026-07-23,04:15,57.27
2026-07-23,04:30,40.0
2026-07-23,04:45,26.92
2026-07-23,05:00,38.21
2026-07-23,05:15,35.68
2026-07-23,05:30,32.38
2026-07-23,05:45,44.66
2026-07-23,06:00,11.89
2026-07-23,06:15,30.84
2026-07-23,06:30,137.66
2026-07-23,06:45,145.01
2026-07-23,07:00,27.87
2026-07-23,07:15,65.43
2026-07-23,07:30,83.87
2026-07-23,07:45,134.91
2026-07-23,08:00,120.24
2026-07-23,08:15,145.01
2026-07-23,08:30,160.78
2026-07-23,08:45,141.75
2026-07-23,09:00,168.95
2026-07-23,09:15,161.16
2026-07-23,09:30,159.9
2026-07-23,09:45,142.87
2026-07-23,10:00,157.56
2026-07-23,10:15,143.94
2026-07-23,10:30,118.43
2026-07-23,10:45,110.12
2026-07-23,11:00,117.02
2026-07-23,11:15,105.47
2026-07-23,11:30,96.84
2026-07-23,11:45,80.59
2026-07-23,12:00,75.65
2026-07-23,12:15,42.67
2026-07-23,12:30,77.82
2026-07-23,12:45,53.8
2026-07-23,13:00,55.48
2026-07-23,13:15,36.64
2026-07-23,13:30,33.87
2026-07-23,13:45,19.21
2026-07-23,14:00,36.57
2026-07-23,14:15,25.75
2026-07-23,14:30,21.06
2026-07-23,14:45,21.07
2026-07-23,15:00,17.37
2026-07-23,15:15,18.1
2026-07-23,15:30,32.86
2026-07-23,15:45,27.17
2026-07-23,16:00,16.42
2026-07-23,16:15,23.5
2026-07-23,16:30,22.15
2026-07-23,16:45,51.56
2026-07-23,17:00,15.01
2026-07-23,17:15,20.01
2026-07-23,17:30,28.55
2026-07-23,17:45,64.41
2026-07-23,18:00,54.12
2026-07-23,18:15,100.18
2026-07-23,18:30,118.51
2026-07-23,18:45,130.68
2026-07-23,19:00,135.75
2026-07-23,19:15,142.67
2026-07-23,19:30,157.53
2026-07-23,19:45,166.5
2026-07-23,20:00,158.25
2026-07-23,20:15,166.07
2026-07-23,20:30,168.27
2026-07-23,20:45,178.69
2026-07-23,21:00,172.79
2026-07-23,21:15,175.46
2026-07-23,21:30,176.75
2026-07-23,21:45,177.08
2026-07-23,22:00,173.87
2026-07-23,22:15,173.72
2026-07-23,22:30,175.1
2026-07-23,22:45,175.76
2026-07-23,23:00,172.18
2026-07-23,23:15,172.37
2026-07-23,23:30,172.07
2026-07-23,23:45,171.7
2026-07-24,00:00,171.85
2026-07-24,00:15,168.24
2026-07-24,00:30,166.94
2026-07-24,00:45,162.4
2026-07-24,01:00,162.96
2026-07-24,01:15,161.19
2026-07-24,01:30,160.58
2026-07-24,01:45,151.56
2026-07-24,02:00,158.5
2026-07-24,02:15,155.82
2026-07-24,02:30,155.89
2026-07-24,02:45,151.94
2026-07-24,03:00,155.02
2026-07-24,03:15,151.69
2026-07-24,03:30,145.94
2026-07-24,03:45,146.03
2026-07-24,04:00,150.34
2026-07-24,04:15,145.8
2026-07-24,04:30,145.07
2026-07-24,04:45,127.39
2026-07-24,05:00,145.76
2026-07-24,05:15,145.36
2026-07-24,05:30,145.9
2026-07-24,05:45,132.83
2026-07-24,06:00,151.77
2026-07-24,06:15,145.73
2026-07-24,06:30,145.2
2026-07-24,06:45,152.04
2026-07-24,07:00,156.91
2026-07-24,07:15,156.5
2026-07-24,07:30,155.65
2026-07-24,07:45,155.41
2026-07-24,08:00,161.34
2026-07-24,08:15,157.75
2026-07-24,08:30,146.62
2026-07-24,08:45,152.54
2026-07-24,09:00,161.31
2026-07-24,09:15,157.77
2026-07-24,09:30,122.29
2026-07-24,09:45,60.0
2026-07-24,10:00,162.13
2026-07-24,10:15,119.51
2026-07-24,10:30,40.51
2026-07-24,10:45,14.99
2026-07-24,11:00,22.72
2026-07-24,11:15,14.84
2026-07-24,11:30,11.92
2026-07-24,11:45,9.99
2026-07-24,12:00,14.92
2026-07-24,12:15,13.37
2026-07-24,12:30,12.43
2026-07-24,12:45,10.79
2026-07-24,13:00,14.01
2026-07-24,13:15,12.14
2026-07-24,13:30,10.5
2026-07-24,13:45,8.9
2026-07-24,14:00,11.16
2026-07-24,14:15,10.05
2026-07-24,14:30,8.96
2026-07-24,14:45,7.73
2026-07-24,15:00,7.07
2026-07-24,15:15,6.91
2026-07-24,15:30,7.45
2026-07-24,15:45,7.2
2026-07-24,16:00,5.55
2026-07-24,16:15,7.35
2026-07-24,16:30,7.72
2026-07-24,16:45,9.39
2026-07-24,17:00,6.89
2026-07-24,17:15,7.4
2026-07-24,17:30,7.9
2026-07-24,17:45,9.81
2026-07-24,18:00,9.27
2026-07-24,18:15,10.01
2026-07-24,18:30,12.44
2026-07-24,18:45,21.18
2026-07-24,19:00,12.74
2026-07-24,19:15,37.93
2026-07-24,19:30,164.81
2026-07-24,19:45,144.52
2026-07-24,20:00,90.6
2026-07-24,20:15,104.38
2026-07-24,20:30,106.28
2026-07-24,20:45,137.29
2026-07-24,21:00,117.2
2026-07-24,21:15,118.48
2026-07-24,21:30,126.26
2026-07-24,21:45,125.84
2026-07-24,22:00,145.93
2026-07-24,22:15,144.53
2026-07-24,22:30,145.0
2026-07-24,22:45,124.55
2026-07-24,23:00,144.84
2026-07-24,23:15,121.15
2026-07-24,23:30,82.18
2026-07-24,23:45,126.87
2026-07-25,00:00,150.97
2026-07-25,00:15,149.38
2026-07-25,00:30,122.43
2026-07-25,00:45,89.36
2026-07-25,01:00,69.95
2026-07-25,01:15,46.33
2026-07-25,01:30,46.44
2026-07-25,01:45,12.67
2026-07-25,02:00,17.91
2026-07-25,02:15,13.57
2026-07-25,02:30,12.0
2026-07-25,02:45,11.11
2026-07-25,03:00,11.37
2026-07-25,03:15,10.74
2026-07-25,03:30,9.96
2026-07-25,03:45,9.05
2026-07-25,04:00,12.15
2026-07-25,04:15,11.63
2026-07-25,04:30,10.45
2026-07-25,04:45,9.5
2026-07-25,05:00,12.62
2026-07-25,05:15,11.89
2026-07-25,05:30,11.0
2026-07-25,05:45,9.99
2026-07-25,06:00,9.63
2026-07-25,06:15,9.02
2026-07-25,06:30,9.35
2026-07-25,06:45,7.96
2026-07-25,07:00,11.08
2026-07-25,07:15,10.92
2026-07-25,07:30,9.91
2026-07-25,07:45,9.79
2026-07-25,08:00,14.0
2026-07-25,08:15,11.65
2026-07-25,08:30,11.01
2026-07-25,08:45,11.8
2026-07-25,09:00,10.01
2026-07-25,09:15,10.84
2026-07-25,09:30,10.02
2026-07-25,09:45,10.0
2026-07-25,10:00,10.9
2026-07-25,10:15,5.08
2026-07-25,10:30,4.46
2026-07-25,10:45,4.02
2026-07-25,11:00,3.82
2026-07-25,11:15,3.8
2026-07-25,11:30,3.97
2026-07-25,11:45,3.8
2026-07-25,12:00,3.75
2026-07-25,12:15,3.14
2026-07-25,12:30,3.0
2026-07-25,12:45,2.84
2026-07-25,13:00,3.68
2026-07-25,13:15,3.34
2026-07-25,13:30,2.96
2026-07-25,13:45,2.73
2026-07-25,14:00,2.19
2026-07-25,14:15,2.16
2026-07-25,14:30,2.0
2026-07-25,14:45,1.99
2026-07-25,15:00,2.59
2026-07-25,15:15,2.68
2026-07-25,15:30,2.5
2026-07-25,15:45,2.74
2026-07-25,16:00,2.99
2026-07-25,16:15,3.28
2026-07-25,16:30,3.5
2026-07-25,16:45,3.48
2026-07-25,17:00,3.87
2026-07-25,17:15,4.24
2026-07-25,17:30,4.69
2026-07-25,17:45,5.0
2026-07-25,18:00,4.98
2026-07-25,18:15,5.68
2026-07-25,18:30,8.48
2026-07-25,18:45,15.39
2026-07-25,19:00,14.29
2026-07-25,19:15,15.5
2026-07-25,19:30,10.86
2026-07-25,19:45,30.84
2026-07-25,20:00,75.17
2026-07-25,20:15,110.96
2026-07-25,20:30,113.99
2026-07-25,20:45,91.17
2026-07-25,21:00,108.95
2026-07-25,21:15,81.33
2026-07-25,21:30,81.71
2026-07-25,21:45,70.62
2026-07-25,22:00,87.21
2026-07-25,22:15,46.02
2026-07-25,22:30,19.99
2026-07-25,22:45,8.95
2026-07-25,23:00,9.04
2026-07-25,23:15,6.13
2026-07-25,23:30,2.92
2026-07-25,23:45,2.47
2026-07-26,00:00,2.19
2026-07-26,00:15,1.99
2026-07-26,00:30,1.9
2026-07-26,00:45,1.8
2026-07-26,01:00,1.81
2026-07-26,01:15,1.51
2026-07-26,01:30,1.32
2026-07-26,01:45,1.0
2026-07-26,02:00,0.93
2026-07-26,02:15,0.1
2026-07-26,02:30,0.01
2026-07-26,02:45,0.01
2026-07-26,03:00,0.01
2026-07-26,03:15,0.01
2026-07-26,03:30,0.0
2026-07-26,03:45,0.0
2026-07-26,04:00,0.01
2026-07-26,04:15,0.0
2026-07-26,04:30,0.0
2026-07-26,04:45,0.0
2026-07-26,05:00,0.0
2026-07-26,05:15,0.0
2026-07-26,05:30,0.0
2026-07-26,05:45,0.0
2026-07-26,06:00,0.0
2026-07-26,06:15,0.0
2026-07-26,06:30,0.0
2026-07-26,06:45,0.0
2026-07-26,07:00,0.01
2026-07-26,07:15,0.01
2026-07-26,07:30,0.01
2026-07-26,07:45,0.01
2026-07-26,08:00,0.05
2026-07-26,08:15,0.23
2026-07-26,08:30,0.13
2026-07-26,08:45,0.08
2026-07-26,09:00,0.1
2026-07-26,09:15,0.23
2026-07-26,09:30,0.13
2026-07-26,09:45,0.01
2026-07-26,10:00,0.01
2026-07-26,10:15,0.0
2026-07-26,10:30,0.01
2026-07-26,10:45,0.01
2026-07-26,11:00,0.01
2026-07-26,11:15,0.01
2026-07-26,11:30,0.01
2026-07-26,11:45,0.0
2026-07-26,12:00,0.0
2026-07-26,12:15,0.0
2026-07-26,12:30,0.0
2026-07-26,12:45,0.0
2026-07-26,13:00,0.0
2026-07-26,13:15,0.0
2026-07-26,13:30,0.0
2026-07-26,13:45,0.0
2026-07-26,14:00,0.0
2026-07-26,14:15,0.0
2026-07-26,14:30,0.0
2026-07-26,14:45,0.01
2026-07-26,15:00,0.01
2026-07-26,15:15,0.01
2026-07-26,15:30,0.01
2026-07-26,15:45,0.02
2026-07-26,16:00,0.38
2026-07-26,16:15,0.51
2026-07-26,16:30,0.62
2026-07-26,16:45,1.31
2026-07-26,17:00,1.47
2026-07-26,17:15,2.19
2026-07-26,17:30,4.33
2026-07-26,17:45,8.3
2026-07-26,18:00,5.31
2026-07-26,18:15,8.41
2026-07-26,18:30,12.16
2026-07-26,18:45,108.14
2026-07-26,19:00,61.85
2026-07-26,19:15,111.82
2026-07-26,19:30,120.49
2026-07-26,19:45,125.1
2026-07-26,20:00,124.44
2026-07-26,20:15,132.02
2026-07-26,20:30,136.56
2026-07-26,20:45,140.17
2026-07-26,21:00,143.58
2026-07-26,21:15,143.53
2026-07-26,21:30,144.0
2026-07-26,21:45,143.87
2026-07-26,22:00,146.48
2026-07-26,22:15,145.81
2026-07-26,22:30,144.79
2026-07-26,22:45,143.39
2026-07-26,23:00,147.04
2026-07-26,23:15,144.45
2026-07-26,23:30,141.69
2026-07-26,23:45,138.17
2026-07-27,00:00,140.29
2026-07-27,00:15,133.81
2026-07-27,00:30,132.5
2026-07-27,00:45,126.87
2026-07-27,01:00,84.33
2026-07-27,01:15,89.7
2026-07-27,01:30,88.46
2026-07-27,01:45,85.28
2026-07-27,02:00,82.1
2026-07-27,02:15,75.11
2026-07-27,02:30,68.64
2026-07-27,02:45,54.92
2026-07-27,03:00,57.88
2026-07-27,03:15,43.82
2026-07-27,03:30,72.51
2026-07-27,03:45,61.9
2026-07-27,04:00,68.86
2026-07-27,04:15,58.79
2026-07-27,04:30,56.82
2026-07-27,04:45,52.32
2026-07-27,05:00,64.2
2026-07-27,05:15,64.03
2026-07-27,05:30,62.9
2026-07-27,05:45,81.88
2026-07-27,06:00,55.25
2026-07-27,06:15,84.37
2026-07-27,06:30,97.99
2026-07-27,06:45,101.1
2026-07-27,07:00,88.69
2026-07-27,07:15,115.04
2026-07-27,07:30,116.57
2026-07-27,07:45,115.59
2026-07-27,08:00,113.81
2026-07-27,08:15,113.61
2026-07-27,08:30,115.76
2026-07-27,08:45,104.11
2026-07-27,09:00,113.19
2026-07-27,09:15,106.85
2026-07-27,09:30,107.98
2026-07-27,09:45,89.72
2026-07-27,10:00,106.27
2026-07-27,10:15,30.94
2026-07-27,10:30,25.76
2026-07-27,10:45,20.51
2026-07-27,11:00,29.3
2026-07-27,11:15,20.01
2026-07-27,11:30,15.32
2026-07-27,11:45,11.91
2026-07-27,12:00,18.13
2026-07-27,12:15,17.36
2026-07-27,12:30,17.97
2026-07-27,12:45,15.57
2026-07-27,13:00,19.3
2026-07-27,13:15,18.41
2026-07-27,13:30,17.38
2026-07-27,13:45,17.37
2026-07-27,14:00,17.42
2026-07-27,14:15,17.15
2026-07-27,14:30,16.98
2026-07-27,14:45,16.74
2026-07-27,15:00,16.74
2026-07-27,15:15,16.65
2026-07-27,15:30,16.8
2026-07-27,15:45,17.37
2026-07-27,16:00,17.1
2026-07-27,16:15,17.79
2026-07-27,16:30,18.0
2026-07-27,16:45,18.2
2026-07-27,17:00,16.51
2026-07-27,17:15,16.15
2026-07-27,17:30,16.73
2026-07-27,17:45,19.4
2026-07-27,18:00,10.0
2026-07-27,18:15,14.99
2026-07-27,18:30,18.99
2026-07-27,18:45,30.83
2026-07-27,19:00,17.02
2026-07-27,19:15,18.04
2026-07-27,19:30,20.75
2026-07-27,19:45,23.47
2026-07-27,20:00,19.81
2026-07-27,20:15,20.77
2026-07-27,20:30,21.29
2026-07-27,20:45,21.24
2026-07-27,21:00,22.18
2026-07-27,21:15,21.65
2026-07-27,21:30,20.14
2026-07-27,21:45,19.31
2026-07-27,22:00,24.05
2026-07-27,22:15,21.32
2026-07-27,22:30,19.13
2026-07-27,22:45,16.13
2026-07-27,23:00,26.43
2026-07-27,23:15,21.85
2026-07-27,23:30,16.46
2026-07-27,23:45,10.01
2026-07-28,00:00,23.63
2026-07-28,00:15,17.24
2026-07-28,00:30,10.75
2026-07-28,00:45,7.73
2026-07-28,01:00,22.75
2026-07-28,01:15,17.16
2026-07-28,01:30,13.23
2026-07-28,01:45,8.9
2026-07-28,02:00,17.84
2026-07-28,02:15,14.03
2026-07-28,02:30,11.0
2026-07-28,02:45,8.13
2026-07-28,03:00,12.9
2026-07-28,03:15,10.06
2026-07-28,03:30,8.61
2026-07-28,03:45,7.72
2026-07-28,04:00,10.06
2026-07-28,04:15,7.76
2026-07-28,04:30,6.99
2026-07-28,04:45,6.99
2026-07-28,05:00,6.97
2026-07-28,05:15,6.99
2026-07-28,05:30,6.99
2026-07-28,05:45,8.68
2026-07-28,06:00,6.53
2026-07-28,06:15,7.7
2026-07-28,06:30,10.1
2026-07-28,06:45,12.11
2026-07-28,07:00,9.99
2026-07-28,07:15,11.01
2026-07-28,07:30,14.01
2026-07-28,07:45,14.06
2026-07-28,08:00,17.13
2026-07-28,08:15,16.63
2026-07-28,08:30,13.96
2026-07-28,08:45,10.3
2026-07-28,09:00,13.85
2026-07-28,09:15,10.19
2026-07-28,09:30,9.97
2026-07-28,09:45,7.72
2026-07-28,10:00,8.41
2026-07-28,10:15,7.36
2026-07-28,10:30,6.4
2026-07-28,10:45,5.82
2026-07-28,11:00,7.1
2026-07-28,11:15,5.78
2026-07-28,11:30,5.02
2026-07-28,11:45,4.38
2026-07-28,12:00,4.09
2026-07-28,12:15,3.7
2026-07-28,12:30,2.85
2026-07-28,12:45,2.53
2026-07-28,13:00,2.97
2026-07-28,13:15,2.25
2026-07-28,13:30,2.01
2026-07-28,13:45,1.99
2026-07-28,14:00,2.0
2026-07-28,14:15,1.97
2026-07-28,14:30,1.9
2026-07-28,14:45,1.99
2026-07-28,15:00,2.0
2026-07-28,15:15,2.0
2026-07-28,15:30,2.0
2026-07-28,15:45,2.02
2026-07-28,16:00,1.85
2026-07-28,16:15,1.99
2026-07-28,16:30,2.03
2026-07-28,16:45,2.6
2026-07-28,17:00,3.34
2026-07-28,17:15,2.92
2026-07-28,17:30,3.53
2026-07-28,17:45,4.0
2026-07-28,18:00,4.09
2026-07-28,18:15,4.84
2026-07-28,18:30,4.99
2026-07-28,18:45,5.7
2026-07-28,19:00,5.5
2026-07-28,19:15,6.95
2026-07-28,19:30,18.0
2026-07-28,19:45,99.9
2026-07-28,20:00,9.99
2026-07-28,20:15,14.15
2026-07-28,20:30,55.07
2026-07-28,20:45,103.39
2026-07-28,21:00,59.11
2026-07-28,21:15,79.36
2026-07-28,21:30,90.53
2026-07-28,21:45,90.58
2026-07-28,22:00,90.48
2026-07-28,22:15,85.71
2026-07-28,22:30,87.0
2026-07-28,22:45,71.74
2026-07-28,23:00,60.01
2026-07-28,23:15,42.24
2026-07-28,23:30,20.52
2026-07-28,23:45,13.92
2026-07-29,00:00,19.29
2026-07-29,00:15,8.64
2026-07-29,00:30,7.7
2026-07-29,00:45,6.16
2026-07-29,01:00,14.69
2026-07-29,01:15,9.96
2026-07-29,01:30,7.72
2026-07-29,01:45,7.7
2026-07-29,02:00,6.17
2026-07-29,02:15,6.96
2026-07-29,02:30,6.96
2026-07-29,02:45,7.16
2026-07-29,03:00,7.2
2026-07-29,03:15,8.26
2026-07-29,03:30,8.26
2026-07-29,03:45,10.04
2026-07-29,04:00,8.26
2026-07-29,04:15,9.63
2026-07-29,04:30,11.27
2026-07-29,04:45,16.07
2026-07-29,05:00,8.14
2026-07-29,05:15,12.42
2026-07-29,05:30,17.21
2026-07-29,05:45,24.16
2026-07-29,06:00,7.13
2026-07-29,06:15,13.16
2026-07-29,06:30,19.51
2026-07-29,06:45,27.27
2026-07-29,07:00,20.52
2026-07-29,07:15,52.99
2026-07-29,07:30,43.99
2026-07-29,07:45,42.67
2026-07-29,08:00,44.98
2026-07-29,08:15,47.95
2026-07-29,08:30,35.36
2026-07-29,08:45,25.82
2026-07-29,09:00,83.54
2026-07-29,09:15,20.5
2026-07-29,09:30,20.0
2026-07-29,09:45,17.49
2026-07-29,10:00,23.17
2026-07-29,10:15,19.58
2026-07-29,10:30,16.64
2026-07-29,10:45,13.13
2026-07-29,11:00,19.98
2026-07-29,11:15,17.38
2026-07-29,11:30,17.38
2026-07-29,11:45,14.01
2026-07-29,12:00,20.96
2026-07-29,12:15,17.75
2026-07-29,12:30,12.68
2026-07-29,12:45,8.43
2026-07-29,13:00,11.88
2026-07-29,13:15,10.71
2026-07-29,13:30,10.11
2026-07-29,13:45,9.99
2026-07-29,14:00,9.01
2026-07-29,14:15,9.52
2026-07-29,14:30,9.55
2026-07-29,14:45,9.99
2026-07-29,15:00,9.24
2026-07-29,15:15,11.64
2026-07-29,15:30,11.95
2026-07-29,15:45,14.01
2026-07-29,16:00,11.88
2026-07-29,16:15,14.01
2026-07-29,16:30,13.0
2026-07-29,16:45,20.64
2026-07-29,17:00,10.01
2026-07-29,17:15,14.0
2026-07-29,17:30,20.05
2026-07-29,17:45,32.19
2026-07-29,18:00,10.42
2026-07-29,18:15,19.51
2026-07-29,18:30,33.79
2026-07-29,18:45,145.29
2026-07-29,19:00,116.97
2026-07-29,19:15,140.92
2026-07-29,19:30,83.41
2026-07-29,19:45,166.99
2026-07-29,20:00,145.04
2026-07-29,20:15,161.16
2026-07-29,20:30,156.82
2026-07-29,20:45,163.1
2026-07-29,21:00,155.76
2026-07-29,21:15,156.31
2026-07-29,21:30,160.49
2026-07-29,21:45,163.67
2026-07-29,22:00,162.7
2026-07-29,22:15,160.95
2026-07-29,22:30,162.05
2026-07-29,22:45,118.0
2026-07-29,23:00,205.54
2026-07-29,23:15,158.63
2026-07-29,23:30,131.37
2026-07-29,23:45,60.29
2026-07-30,00:00,53.57
2026-07-30,00:15,45.81
2026-07-30,00:30,170.38
2026-07-30,00:45,146.1
2026-07-30,01:00,139.62
2026-07-30,01:15,117.6
2026-07-30,01:30,109.88
2026-07-30,01:45,92.9
2026-07-30,02:00,69.98
2026-07-30,02:15,66.98
2026-07-30,02:30,52.08
2026-07-30,02:45,54.15
2026-07-30,03:00,71.18
2026-07-30,03:15,78.24
2026-07-30,03:30,83.17
2026-07-30,03:45,83.78
2026-07-30,04:00,89.3
2026-07-30,04:15,84.96
2026-07-30,04:30,15.03
2026-07-30,04:45,62.68
2026-07-30,05:00,20.0
2026-07-30,05:15,24.02
2026-07-30,05:30,14.91
2026-07-30,05:45,69.9
2026-07-30,06:00,121.35
2026-07-30,06:15,129.1
2026-07-30,06:30,134.35
2026-07-30,06:45,140.29
2026-07-30,07:00,134.01
2026-07-30,07:15,123.92
2026-07-30,07:30,20.08
2026-07-30,07:45,22.62
2026-07-30,08:00,15.51
2026-07-30,08:15,18.75
2026-07-30,08:30,20.44
2026-07-30,08:45,21.53
2026-07-30,09:00,24.33
2026-07-30,09:15,21.31
2026-07-30,09:30,17.04
2026-07-30,09:45,14.36
2026-07-30,10:00,20.12
2026-07-30,10:15,16.37
2026-07-30,10:30,12.0
2026-07-30,10:45,6.97
2026-07-30,11:00,16.46
2026-07-30,11:15,10.93
2026-07-30,11:30,7.02
2026-07-30,11:45,5.54
2026-07-30,12:00,10.03
2026-07-30,12:15,7.02
2026-07-30,12:30,7.02
2026-07-30,12:45,5.36
2026-07-30,13:00,7.53
2026-07-30,13:15,6.82
2026-07-30,13:30,4.99
2026-07-30,13:45,4.92
2026-07-30,14:00,5.1
2026-07-30,14:15,4.99
2026-07-30,14:30,4.83
2026-07-30,14:45,5.02
2026-07-30,15:00,5.0
2026-07-30,15:15,6.1
2026-07-30,15:30,6.8
2026-07-30,15:45,7.16
2026-07-30,16:00,5.73
2026-07-30,16:15,6.99
2026-07-30,16:30,7.0
2026-07-30,16:45,10.17
2026-07-30,17:00,5.99
2026-07-30,17:15,11.7
2026-07-30,17:30,29.99
2026-07-30,17:45,54.51
2026-07-30,18:00,8.26
2026-07-30,18:15,33.38
2026-07-30,18:30,59.09
2026-07-30,18:45,139.27
2026-07-30,19:00,42.31
2026-07-30,19:15,60.73
2026-07-30,19:30,60.83
2026-07-30,19:45,212.98
2026-07-30,20:00,121.01
2026-07-30,20:15,199.13
2026-07-30,20:30,120.0
2026-07-30,20:45,143.0
2026-07-30,21:00,116.42
2026-07-30,21:15,90.0
2026-07-30,21:30,83.58
2026-07-30,21:45,70.0
2026-07-30,22:00,186.18
2026-07-30,22:15,91.76
2026-07-30,22:30,58.42
2026-07-30,22:45,36.71
2026-07-30,23:00,30.8
2026-07-30,23:15,12.61
2026-07-30,23:30,15.0
2026-07-30,23:45,6.31
2026-07-31,00:00,6.13
2026-07-31,00:15,5.77
2026-07-31,00:30,5.46
2026-07-31,00:45,5.06
2026-07-31,01:00,5.6
2026-07-31,01:15,5.35
2026-07-31,01:30,5.09
2026-07-31,01:45,4.88
2026-07-31,02:00,5.02
2026-07-31,02:15,4.96
2026-07-31,02:30,4.06
2026-07-31,02:45,3.94
2026-07-31,03:00,4.4
2026-07-31,03:15,4.22
2026-07-31,03:30,4.02
2026-07-31,03:45,3.99
2026-07-31,04:00,3.99
2026-07-31,04:15,4.01
2026-07-31,04:30,4.06
2026-07-31,04:45,4.29
2026-07-31,05:00,4.1
2026-07-31,05:15,4.17
2026-07-31,05:30,4.21
2026-07-31,05:45,4.17
2026-07-31,06:00,4.29
2026-07-31,06:15,4.68
2026-07-31,06:30,4.92
2026-07-31,06:45,5.01
2026-07-31,07:00,4.92
2026-07-31,07:15,5.07
2026-07-31,07:30,5.5
2026-07-31,07:45,5.59
2026-07-31,08:00,5.77
2026-07-31,08:15,5.95
2026-07-31,08:30,6.12
2026-07-31,08:45,6.08
2026-07-31,09:00,6.11
2026-07-31,09:15,5.98
2026-07-31,09:30,5.65
2026-07-31,09:45,5.52
2026-07-31,10:00,5.6
2026-07-31,10:15,5.41
2026-07-31,10:30,5.08
2026-07-31,10:45,4.99
2026-07-31,11:00,5.03
2026-07-31,11:15,5.0
2026-07-31,11:30,5.0
2026-07-31,11:45,4.99
2026-07-31,12:00,5.0
2026-07-31,12:15,5.0
2026-07-31,12:30,4.99
2026-07-31,12:45,4.99
2026-07-31,13:00,4.96
2026-07-31,13:15,4.91
2026-07-31,13:30,4.76
2026-07-31,13:45,4.74
2026-07-31,14:00,4.86
2026-07-31,14:15,4.98
2026-07-31,14:30,4.99
2026-07-31,14:45,5.0
2026-07-31,15:00,4.99
2026-07-31,15:15,5.0
2026-07-31,15:30,5.0
2026-07-31,15:45,5.01
2026-07-31,16:00,4.95
2026-07-31,16:15,5.0
2026-07-31,16:30,5.24
2026-07-31,16:45,5.49
2026-07-31,17:00,5.22
2026-07-31,17:15,5.59
2026-07-31,17:30,6.95
2026-07-31,17:45,14.0
2026-07-31,18:00,5.89
2026-07-31,18:15,12.1
2026-07-31,18:30,24.64
2026-07-31,18:45,34.94
2026-07-31,19:00,7.73
2026-07-31,19:15,19.99
2026-07-31,19:30,29.99
2026-07-31,19:45,117.12
2026-07-31,20:00,57.44
2026-07-31,20:15,69.79
2026-07-31,20:30,124.52
2026-07-31,20:45,130.01
2026-07-31,21:00,71.05
2026-07-31,21:15,67.69
2026-07-31,21:30,67.35
2026-07-31,21:45,65.89
2026-07-31,22:00,125.93
2026-07-31,22:15,66.96
2026-07-31,22:30,73.42
2026-07-31,22:45,60.23
2026-07-31,23:00,77.05
2026-07-31,23:15,56.44
2026-07-31,23:30,43.21
2026-07-31,23:45,20.01
2026-08-01,00:00,65.0
2026-08-01,00:15,32.44
2026-08-01,00:30,22.77
2026-08-01,00:45,13.6
2026-08-01,01:00,68.0
2026-08-01,01:15,68.0
2026-08-01,01:30,72.1
2026-08-01,01:45,31.9
2026-08-01,02:00,40.34
2026-08-01,02:15,69.92
2026-08-01,02:30,80.8
2026-08-01,02:45,99.88
2026-08-01,03:00,88.72
2026-08-01,03:15,91.54
2026-08-01,03:30,109.87
2026-08-01,03:45,109.87
2026-08-01,04:00,125.51
2026-08-01,04:15,126.1
2026-08-01,04:30,145.02
2026-08-01,04:45,143.33
2026-08-01,05:00,156.14
2026-08-01,05:15,160.07
2026-08-01,05:30,80.48
2026-08-01,05:45,65.71
2026-08-01,06:00,60.43
2026-08-01,06:15,33.38
2026-08-01,06:30,155.18
2026-08-01,06:45,156.0
2026-08-01,07:00,157.79
2026-08-01,07:15,116.14
2026-08-01,07:30,32.56
2026-08-01,07:45,27.76
2026-08-01,08:00,30.01
2026-08-01,08:15,27.48
2026-08-01,08:30,26.42
2026-08-01,08:45,25.47
2026-08-01,09:00,29.92
2026-08-01,09:15,26.8
2026-08-01,09:30,24.26
2026-08-01,09:45,20.98
2026-08-01,10:00,28.1
2026-08-01,10:15,26.25
2026-08-01,10:30,23.68
2026-08-01,10:45,20.34
2026-08-01,11:00,31.86
2026-08-01,11:15,22.89
2026-08-01,11:30,28.28
2026-08-01,11:45,20.86
2026-08-01,12:00,30.29
2026-08-01,12:15,24.55
2026-08-01,12:30,27.39
2026-08-01,12:45,23.48
2026-08-01,13:00,28.5
2026-08-01,13:15,18.94
2026-08-01,13:30,13.42
2026-08-01,13:45,8.82
2026-08-01,14:00,10.09
2026-08-01,14:15,8.43
2026-08-01,14:30,7.86
2026-08-01,14:45,8.2
2026-08-01,15:00,6.97
2026-08-01,15:15,7.0
2026-08-01,15:30,7.62
2026-08-01,15:45,12.92
2026-08-01,16:00,8.8
2026-08-01,16:15,11.99
2026-08-01,16:30,14.0
2026-08-01,16:45,19.16
2026-08-01,17:00,14.01
2026-08-01,17:15,48.3
2026-08-01,17:30,26.5
2026-08-01,17:45,37.25
2026-08-01,18:00,22.9
2026-08-01,18:15,117.1
2026-08-01,18:30,39.0
2026-08-01,18:45,61.0
2026-08-01,19:00,20.27
2026-08-01,19:15,32.72
2026-08-01,19:30,87.0
2026-08-01,19:45,100.0
2026-08-01,20:00,50.08
2026-08-01,20:15,105.26
2026-08-01,20:30,113.25
2026-08-01,20:45,56.3
2026-08-01,21:00,60.22
2026-08-01,21:15,60.82
2026-08-01,21:30,100.0
2026-08-01,21:45,100.0
2026-08-01,22:00,60.6
2026-08-01,22:15,85.63
2026-08-01,22:30,73.57
2026-08-01,22:45,60.49
2026-08-01,23:00,126.09
2026-08-01,23:15,99.94
2026-08-01,23:30,67.87
2026-08-01,23:45,15.13
2026-08-02,00:00,119.51
2026-08-02,00:15,81.93
2026-08-02,00:30,24.99
2026-08-02,00:45,13.53
2026-08-02,01:00,145.43
2026-08-02,01:15,109.88
2026-08-02,01:30,92.68
2026-08-02,01:45,52.0
2026-08-02,02:00,77.47
2026-08-02,02:15,51.01
2026-08-02,02:30,19.22
2026-08-02,02:45,17.53
2026-08-02,03:00,18.17
2026-08-02,03:15,18.67
2026-08-02,03:30,19.11
2026-08-02,03:45,19.15
2026-08-02,04:00,21.39
2026-08-02,04:15,21.92
2026-08-02,04:30,22.49
2026-08-02,04:45,22.37
2026-08-02,05:00,22.1
2026-08-02,05:15,22.12
2026-08-02,05:30,22.92
2026-08-02,05:45,23.29
2026-08-02,06:00,21.11
2026-08-02,06:15,22.45
2026-08-02,06:30,23.82
2026-08-02,06:45,24.97
2026-08-02,07:00,23.99
2026-08-02,07:15,24.14
2026-08-02,07:30,24.92
2026-08-02,07:45,24.61
2026-08-02,08:00,25.19
2026-08-02,08:15,25.07
2026-08-02,08:30,23.76
2026-08-02,08:45,21.64
2026-08-02,09:00,26.99
2026-08-02,09:15,24.05
2026-08-02,09:30,21.27
2026-08-02,09:45,19.99
2026-08-02,10:00,26.91
2026-08-02,10:15,23.67
2026-08-02,10:30,20.26
2026-08-02,10:45,10.26
2026-08-02,11:00,11.84
2026-08-02,11:15,8.97
2026-08-02,11:30,8.91
2026-08-02,11:45,8.3
2026-08-02,12:00,6.83
2026-08-02,12:15,6.12
2026-08-02,12:30,6.12
2026-08-02,12:45,5.63
2026-08-02,13:00,5.36
2026-08-02,13:15,4.99
2026-08-02,13:30,4.59
2026-08-02,13:45,4.04
2026-08-02,14:00,3.76
2026-08-02,14:15,3.09
2026-08-02,14:30,3.0
2026-08-02,14:45,2.89
2026-08-02,15:00,3.81
2026-08-02,15:15,3.69
2026-08-02,15:30,3.28
2026-08-02,15:45,3.13
2026-08-02,16:00,3.8
2026-08-02,16:15,4.01
2026-08-02,16:30,4.87
2026-08-02,16:45,5.1
2026-08-02,17:00,5.95
2026-08-02,17:15,7.72
2026-08-02,17:30,9.99
2026-08-02,17:45,16.37
2026-08-02,18:00,10.01
2026-08-02,18:15,20.01
2026-08-02,18:30,27.58
2026-08-02,18:45,38.87
2026-08-02,19:00,16.23
2026-08-02,19:15,24.3
2026-08-02,19:30,31.23
2026-08-02,19:45,139.02
2026-08-02,20:00,27.71
2026-08-02,20:15,29.49
2026-08-02,20:30,75.35
2026-08-02,20:45,94.84
2026-08-02,21:00,58.42
2026-08-02,21:15,67.95
2026-08-02,21:30,66.37
2026-08-02,21:45,62.37
2026-08-02,22:00,75.41
2026-08-02,22:15,66.73
2026-08-02,22:30,54.48
2026-08-02,22:45,25.0
2026-08-02,23:00,76.0
2026-08-02,23:15,30.26
2026-08-02,23:30,23.74
2026-08-02,23:45,18.11
2026-08-03,00:00,101.62
2026-08-03,00:15,74.0
2026-08-03,00:30,24.02
2026-08-03,00:45,20.51
2026-08-03,01:00,76.57
2026-08-03,01:15,54.0
2026-08-03,01:30,54.0
2026-08-03,01:45,40.84
2026-08-03,02:00,30.31
2026-08-03,02:15,30.47
2026-08-03,02:30,35.42
2026-08-03,02:45,35.78
2026-08-03,03:00,26.59
2026-08-03,03:15,24.02
2026-08-03,03:30,24.02
2026-08-03,03:45,26.82
2026-08-03,04:00,29.05
2026-08-03,04:15,44.27
2026-08-03,04:30,59.02
2026-08-03,04:45,67.66
2026-08-03,05:00,20.51
2026-08-03,05:15,24.01
2026-08-03,05:30,43.33
2026-08-03,05:45,76.8
2026-08-03,06:00,63.42
2026-08-03,06:15,74.01
2026-08-03,06:30,31.15
2026-08-03,06:45,31.38
2026-08-03,07:00,74.89
2026-08-03,07:15,27.66
2026-08-03,07:30,30.01
2026-08-03,07:45,34.27
2026-08-03,08:00,73.59
2026-08-03,08:15,61.16
2026-08-03,08:30,30.47
2026-08-03,08:45,30.48
2026-08-03,09:00,34.91
2026-08-03,09:15,30.15
2026-08-03,09:30,27.39
2026-08-03,09:45,24.91
2026-08-03,10:00,34.12
2026-08-03,10:15,29.97
2026-08-03,10:30,25.02
2026-08-03,10:45,19.91
2026-08-03,11:00,24.97
2026-08-03,11:15,21.02
2026-08-03,11:30,21.0
2026-08-03,11:45,18.25
2026-08-03,12:00,20.88
2026-08-03,12:15,19.11
2026-08-03,12:30,19.24
2026-08-03,12:45,16.88
2026-08-03,13:00,25.56
2026-08-03,13:15,20.2
2026-08-03,13:30,18.66
2026-08-03,13:45,15.24
2026-08-03,14:00,18.96
2026-08-03,14:15,17.38
2026-08-03,14:30,14.01
2026-08-03,14:45,14.6
2026-08-03,15:00,13.84
2026-08-03,15:15,17.37
2026-08-03,15:30,19.51
2026-08-03,15:45,20.43
2026-08-03,16:00,18.68
2026-08-03,16:15,22.87
2026-08-03,16:30,25.43
2026-08-03,16:45,28.16
2026-08-03,17:00,19.09
2026-08-03,17:15,24.18
2026-08-03,17:30,27.89
2026-08-03,17:45,30.81
2026-08-03,18:00,22.71
2026-08-03,18:15,77.49
2026-08-03,18:30,136.1
2026-08-03,18:45,154.3
2026-08-03,19:00,147.87
2026-08-03,19:15,154.54
2026-08-03,19:30,163.37
2026-08-03,19:45,173.23
2026-08-03,20:00,172.81
2026-08-03,20:15,179.42
2026-08-03,20:30,186.4
2026-08-03,20:45,193.83
2026-08-03,21:00,179.95
2026-08-03,21:15,181.38
2026-08-03,21:30,180.39
2026-08-03,21:45,179.59
2026-08-03,22:00,181.88
2026-08-03,22:15,180.96
2026-08-03,22:30,177.73
2026-08-03,22:45,173.77
2026-08-03,23:00,176.52
2026-08-03,23:15,166.21
2026-08-03,23:30,169.36
2026-08-03,23:45,154.12
2026-08-04,00:00,158.72
2026-08-04,00:15,149.76
2026-08-04,00:30,145.08
2026-08-04,00:45,134.73
2026-08-04,01:00,155.59
2026-08-04,01:15,138.32
2026-08-04,01:30,112.78
2026-08-04,01:45,95.15
2026-08-04,02:00,88.15
2026-08-04,02:15,78.11
2026-08-04,02:30,67.44
2026-08-04,02:45,55.3
2026-08-04,03:00,89.3
2026-08-04,03:15,88.54
2026-08-04,03:30,76.36
2026-08-04,03:45,73.3
2026-08-04,04:00,79.8
2026-08-04,04:15,87.48
2026-08-04,04:30,87.13
2026-08-04,04:45,86.4
2026-08-04,05:00,133.36
2026-08-04,05:15,110.5
2026-08-04,05:30,39.22
2026-08-04,05:45,39.86
2026-08-04,06:00,59.11
2026-08-04,06:15,66.0
2026-08-04,06:30,75.47
2026-08-04,06:45,87.56
2026-08-04,07:00,75.96
2026-08-04,07:15,113.86
2026-08-04,07:30,117.93
2026-08-04,07:45,93.51
2026-08-04,08:00,94.03
2026-08-04,08:15,63.39
2026-08-04,08:30,119.01
2026-08-04,08:45,83.57
2026-08-04,09:00,142.95
2026-08-04,09:15,109.88
2026-08-04,09:30,57.57
2026-08-04,09:45,29.6
2026-08-04,10:00,35.62
2026-08-04,10:15,31.64
2026-08-04,10:30,27.96
2026-08-04,10:45,22.96
2026-08-04,11:00,30.92
2026-08-04,11:15,28.18
2026-08-04,11:30,27.54
2026-08-04,11:45,24.75
2026-08-04,12:00,30.0
2026-08-04,12:15,29.47
2026-08-04,12:30,30.01
2026-08-04,12:45,29.8
2026-08-04,13:00,34.13
2026-08-04,13:15,34.12
2026-08-04,13:30,31.44
2026-08-04,13:45,30.01
2026-08-04,14:00,31.17
2026-08-04,14:15,31.23
2026-08-04,14:30,31.56
2026-08-04,14:45,32.8
2026-08-04,15:00,33.47
2026-08-04,15:15,35.33
2026-08-04,15:30,30.55
2026-08-04,15:45,31.71
2026-08-04,16:00,30.0
2026-08-04,16:15,38.72
2026-08-04,16:30,36.2
2026-08-04,16:45,50.64
2026-08-04,17:00,22.08
2026-08-04,17:15,29.99
2026-08-04,17:30,53.34
2026-08-04,17:45,61.08
2026-08-04,18:00,22.68
2026-08-04,18:15,38.72
2026-08-04,18:30,58.98
2026-08-04,18:45,93.31
2026-08-04,19:00,56.3
2026-08-04,19:15,128.95
2026-08-04,19:30,154.0
2026-08-04,19:45,161.67
2026-08-04,20:00,129.04
2026-08-04,20:15,162.16
2026-08-04,20:30,154.67
2026-08-04,20:45,160.0
2026-08-04,21:00,156.68
2026-08-04,21:15,154.0
2026-08-04,21:30,159.7
2026-08-04,21:45,129.62
2026-08-04,22:00,163.68
2026-08-04,22:15,163.73
2026-08-04,22:30,163.96
2026-08-04,22:45,129.23
2026-08-04,23:00,110.06
2026-08-04,23:15,122.8
2026-08-04,23:30,176.35
2026-08-04,23:45,149.99
2026-08-05,00:00,145.6
2026-08-05,00:15,122.81
2026-08-05,00:30,97.23
2026-08-05,00:45,74.37
2026-08-05,01:00,126.51
2026-08-05,01:15,100.57
2026-08-05,01:30,69.96
2026-08-05,01:45,42.97
2026-08-05,02:00,97.69
2026-08-05,02:15,68.0
2026-08-05,02:30,57.13
2026-08-05,02:45,32.87
2026-08-05,03:00,60.0
2026-08-05,03:15,60.0
2026-08-05,03:30,60.01
2026-08-05,03:45,63.8
2026-08-05,04:00,31.85
2026-08-05,04:15,48.52
2026-08-05,04:30,65.15
2026-08-05,04:45,74.47
2026-08-05,05:00,24.08
2026-08-05,05:15,28.19
2026-08-05,05:30,99.83
2026-08-05,05:45,137.89
2026-08-05,06:00,135.83
2026-08-05,06:15,142.31
2026-08-05,06:30,24.76
2026-08-05,06:45,36.45
2026-08-05,07:00,99.79
2026-08-05,07:15,57.66
2026-08-05,07:30,55.66
2026-08-05,07:45,58.91
2026-08-05,08:00,92.28
2026-08-05,08:15,81.82
2026-08-05,08:30,60.01
2026-08-05,08:45,52.45
2026-08-05,09:00,50.96
2026-08-05,09:15,40.5
2026-08-05,09:30,44.16
2026-08-05,09:45,85.75
2026-08-05,10:00,51.83
2026-08-05,10:15,38.7
2026-08-05,10:30,30.0
2026-08-05,10:45,26.36
2026-08-05,11:00,36.07
2026-08-05,11:15,30.31
2026-08-05,11:30,32.36
2026-08-05,11:45,18.81
2026-08-05,12:00,26.72
2026-08-05,12:15,22.48
2026-08-05,12:30,21.98
2026-08-05,12:45,20.48
2026-08-05,13:00,24.09
2026-08-05,13:15,21.28
2026-08-05,13:30,19.99
2026-08-05,13:45,20.0
2026-08-05,14:00,21.25
2026-08-05,14:15,20.0
2026-08-05,14:30,19.79
2026-08-05,14:45,20.21
2026-08-05,15:00,21.61
2026-08-05,15:15,21.47
2026-08-05,15:30,18.12
2026-08-05,15:45,19.25
2026-08-05,16:00,19.23
2026-08-05,16:15,21.16
2026-08-05,16:30,19.99
2026-08-05,16:45,20.81
2026-08-05,17:00,14.37
2026-08-05,17:15,16.54
2026-08-05,17:30,20.12
2026-08-05,17:45,33.32
2026-08-05,18:00,14.73
2026-08-05,18:15,28.58
2026-08-05,18:30,42.52
2026-08-05,18:45,143.84
2026-08-05,19:00,57.38
2026-08-05,19:15,113.55
2026-08-05,19:30,117.29
2026-08-05,19:45,165.16
2026-08-05,20:00,135.05
2026-08-05,20:15,157.12
2026-08-05,20:30,164.71
2026-08-05,20:45,165.48
2026-08-05,21:00,162.9
2026-08-05,21:15,160.23
2026-08-05,21:30,157.37
2026-08-05,21:45,140.99
2026-08-05,22:00,154.92
2026-08-05,22:15,109.3
2026-08-05,22:30,74.42
2026-08-05,22:45,63.53
2026-08-05,23:00,199.82
2026-08-05,23:15,117.92
2026-08-05,23:30,61.75
2026-08-05,23:45,20.51
2026-08-06,00:00,157.57
2026-08-06,00:15,109.31
2026-08-06,00:30,52.58
2026-08-06,00:45,20.52
2026-08-06,01:00,40.88
2026-08-06,01:15,20.52
2026-08-06,01:30,20.0
2026-08-06,01:45,9.88
2026-08-06,02:00,15.81
2026-08-06,02:15,12.09
2026-08-06,02:30,9.93
2026-08-06,02:45,6.95
2026-08-06,03:00,10.99
2026-08-06,03:15,10.0
2026-08-06,03:30,7.72
2026-08-06,03:45,7.73
2026-08-06,04:00,11.71
2026-08-06,04:15,10.26
2026-08-06,04:30,8.26
2026-08-06,04:45,10.0
2026-08-06,05:00,61.71
2026-08-06,05:15,104.66
2026-08-06,05:30,25.59
2026-08-06,05:45,28.02
2026-08-06,06:00,7.0
2026-08-06,06:15,7.5
2026-08-06,06:30,49.99
2026-08-06,06:45,30.56
2026-08-06,07:00,9.79
2026-08-06,07:15,20.0
2026-08-06,07:30,14.0
2026-08-06,07:45,14.01
2026-08-06,08:00,16.07
2026-08-06,08:15,14.77
2026-08-06,08:30,13.7
2026-08-06,08:45,10.07
2026-08-06,09:00,17.2
2026-08-06,09:15,14.0
2026-08-06,09:30,10.01
2026-08-06,09:45,6.95
2026-08-06,10:00,12.91
2026-08-06,10:15,9.37
2026-08-06,10:30,6.94
2026-08-06,10:45,5.56
2026-08-06,11:00,9.73
2026-08-06,11:15,6.95
2026-08-06,11:30,5.89
2026-08-06,11:45,4.94
2026-08-06,12:00,4.91
2026-08-06,12:15,4.13
2026-08-06,12:30,4.1
2026-08-06,12:45,3.92
2026-08-06,13:00,3.95
2026-08-06,13:15,3.78
2026-08-06,13:30,3.52
2026-08-06,13:45,3.3
2026-08-06,14:00,3.8
2026-08-06,14:15,2.54
2026-08-06,14:30,2.2
2026-08-06,14:45,2.19
2026-08-06,15:00,2.11
2026-08-06,15:15,3.81
2026-08-06,15:30,4.99
2026-08-06,15:45,5.0
2026-08-06,16:00,3.8
2026-08-06,16:15,4.99
2026-08-06,16:30,5.86
2026-08-06,16:45,4.99
2026-08-06,17:00,2.57
2026-08-06,17:15,4.99
2026-08-06,17:30,3.52
2026-08-06,17:45,4.1
2026-08-06,18:00,4.99
2026-08-06,18:15,5.55
2026-08-06,18:30,7.27
2026-08-06,18:45,9.44
2026-08-06,19:00,5.81
2026-08-06,19:15,6.95
2026-08-06,19:30,9.43
2026-08-06,19:45,60.02
2026-08-06,20:00,17.91
2026-08-06,20:15,20.51
2026-08-06,20:30,60.09
2026-08-06,20:45,60.09
2026-08-06,21:00,20.0
2026-08-06,21:15,20.01
2026-08-06,21:30,24.99
2026-08-06,21:45,24.02
2026-08-06,22:00,50.0
2026-08-06,22:15,20.0
2026-08-06,22:30,8.89
2026-08-06,22:45,6.12
2026-08-06,23:00,7.76
2026-08-06,23:15,6.12
2026-08-06,23:30,11.01
2026-08-06,23:45,7.7
2026-08-07,00:00,6.17
2026-08-07,00:15,5.78
2026-08-07,00:30,5.1
2026-08-07,00:45,4.01
2026-08-07,01:00,6.13
2026-08-07,01:15,5.78
2026-08-07,01:30,2.08
2026-08-07,01:45,1.97
2026-08-07,02:00,1.89
2026-08-07,02:15,1.87
2026-08-07,02:30,1.83
2026-08-07,02:45,1.79
2026-08-07,03:00,1.83
2026-08-07,03:15,1.83
2026-08-07,03:30,1.83
2026-08-07,03:45,1.86
2026-08-07,04:00,1.74
2026-08-07,04:15,1.83
2026-08-07,04:30,1.83
2026-08-07,04:45,1.83
2026-08-07,05:00,1.83
2026-08-07,05:15,1.83
2026-08-07,05:30,1.86
2026-08-07,05:45,1.9
2026-08-07,06:00,2.0
2026-08-07,06:15,4.99
2026-08-07,06:30,2.33
2026-08-07,06:45,2.76
2026-08-07,07:00,4.99
2026-08-07,07:15,4.08
2026-08-07,07:30,4.36
2026-08-07,07:45,5.02
2026-08-07,08:00,5.0
2026-08-07,08:15,5.37
2026-08-07,08:30,5.37
2026-08-07,08:45,5.15
2026-08-07,09:00,5.14
2026-08-07,09:15,5.0
2026-08-07,09:30,4.93
2026-08-07,09:45,4.3
2026-08-07,10:00,5.26
2026-08-07,10:15,4.99
2026-08-07,10:30,4.14
2026-08-07,10:45,4.96
2026-08-07,11:00,5.03
2026-08-07,11:15,4.92
2026-08-07,11:30,4.11
2026-08-07,11:45,4.09
2026-08-07,12:00,4.19
2026-08-07,12:15,4.99
2026-08-07,12:30,4.28
2026-08-07,12:45,5.0
2026-08-07,13:00,4.3
2026-08-07,13:15,4.13
2026-08-07,13:30,4.09
2026-08-07,13:45,4.02
2026-08-07,14:00,4.03
2026-08-07,14:15,4.01
2026-08-07,14:30,4.0
2026-08-07,14:45,4.0
2026-08-07,15:00,3.97
2026-08-07,15:15,3.97
2026-08-07,15:30,3.96
2026-08-07,15:45,4.0
2026-08-07,16:00,3.99
2026-08-07,16:15,4.02
2026-08-07,16:30,4.1
2026-08-07,16:45,4.15
2026-08-07,17:00,3.67
2026-08-07,17:15,3.91
2026-08-07,17:30,4.26
2026-08-07,17:45,5.03
2026-08-07,18:00,4.16
2026-08-07,18:15,5.27
2026-08-07,18:30,6.17
2026-08-07,18:45,7.73
2026-08-07,19:00,6.17
2026-08-07,19:15,11.01
2026-08-07,19:30,38.17
2026-08-07,19:45,51.9
2026-08-07,20:00,11.0
2026-08-07,20:15,22.68
2026-08-07,20:30,66.84
2026-08-07,20:45,81.56
2026-08-07,21:00,20.52
2026-08-07,21:15,30.16
2026-08-07,21:30,46.54
2026-08-07,21:45,44.11
2026-08-07,22:00,68.67
2026-08-07,22:15,61.39
2026-08-07,22:30,21.98
2026-08-07,22:45,33.55
2026-08-07,23:00,50.0
2026-08-07,23:15,29.52
2026-08-07,23:30,20.51
2026-08-07,23:45,13.7
2026-08-08,00:00,27.18
2026-08-08,00:15,19.01
2026-08-08,00:30,11.19
2026-08-08,00:45,7.69
2026-08-08,01:00,21.08
2026-08-08,01:15,8.22
2026-08-08,01:30,6.16
2026-08-08,01:45,5.78
2026-08-08,02:00,5.77
2026-08-08,02:15,4.49
2026-08-08,02:30,4.23
2026-08-08,02:45,3.98
2026-08-08,03:00,4.32
2026-08-08,03:15,4.09
2026-08-08,03:30,4.02
2026-08-08,03:45,3.83
2026-08-08,04:00,3.99
2026-08-08,04:15,3.68
2026-08-08,04:30,3.64
2026-08-08,04:45,3.57
2026-08-08,05:00,3.59
2026-08-08,05:15,3.47
2026-08-08,05:30,3.13
2026-08-08,05:45,3.27
2026-08-08,06:00,2.83
2026-08-08,06:15,3.02
2026-08-08,06:30,3.05
2026-08-08,06:45,3.28
2026-08-08,07:00,3.3
2026-08-08,07:15,3.54
2026-08-08,07:30,3.59
2026-08-08,07:45,3.53
2026-08-08,08:00,4.15
2026-08-08,08:15,4.0
2026-08-08,08:30,3.84
2026-08-08,08:45,3.65
2026-08-08,09:00,3.94
2026-08-08,09:15,3.34
2026-08-08,09:30,2.87
2026-08-08,09:45,2.84
2026-08-08,10:00,2.88
2026-08-08,10:15,2.88
2026-08-08,10:30,2.8
2026-08-08,10:45,2.78
2026-08-08,11:00,3.72
2026-08-08,11:15,3.21
2026-08-08,11:30,1.57
2026-08-08,11:45,1.22
2026-08-08,12:00,2.2
2026-08-08,12:15,2.06
2026-08-08,12:30,2.06
2026-08-08,12:45,1.99
2026-08-08,13:00,1.83
2026-08-08,13:15,1.37
2026-08-08,13:30,1.02
2026-08-08,13:45,0.96
2026-08-08,14:00,0.62
2026-08-08,14:15,0.55
2026-08-08,14:30,0.53
2026-08-08,14:45,0.53
2026-08-08,15:00,0.56
2026-08-08,15:15,0.57
2026-08-08,15:30,0.55
2026-08-08,15:45,0.59
2026-08-08,16:00,0.81
2026-08-08,16:15,0.97
2026-08-08,16:30,0.92
2026-08-08,16:45,0.94
2026-08-08,17:00,0.85
2026-08-08,17:15,1.34
2026-08-08,17:30,2.61
2026-08-08,17:45,3.97
2026-08-08,18:00,2.8
2026-08-08,18:15,3.8
2026-08-08,18:30,5.52
2026-08-08,18:45,7.76
2026-08-08,19:00,5.09
2026-08-08,19:15,6.86
2026-08-08,19:30,8.44
2026-08-08,19:45,15.64
2026-08-08,20:00,16.26
2026-08-08,20:15,33.04
2026-08-08,20:30,43.33
2026-08-08,20:45,55.06
2026-08-08,21:00,40.77
2026-08-08,21:15,42.82
2026-08-08,21:30,47.52
2026-08-08,21:45,49.15
2026-08-08,22:00,54.72
2026-08-08,22:15,52.51
2026-08-08,22:30,40.01
2026-08-08,22:45,31.75
2026-08-08,23:00,37.43
2026-08-08,23:15,21.96
2026-08-08,23:30,19.94
2026-08-08,23:45,8.42
2026-08-09,00:00,19.89
2026-08-09,00:15,7.79
2026-08-09,00:30,7.7
2026-08-09,00:45,5.6
2026-08-09,01:00,5.7
2026-08-09,01:15,5.39
2026-08-09,01:30,4.99
2026-08-09,01:45,4.31
2026-08-09,02:00,5.03
2026-08-09,02:15,5.03
2026-08-09,02:30,4.86
2026-08-09,02:45,4.47
2026-08-09,03:00,5.08
2026-08-09,03:15,4.98
2026-08-09,03:30,4.86
2026-08-09,03:45,4.66
2026-08-09,04:00,4.95
2026-08-09,04:15,4.89
2026-08-09,04:30,4.55
2026-08-09,04:45,4.41
2026-08-09,05:00,4.72
2026-08-09,05:15,4.8
2026-08-09,05:30,4.9
2026-08-09,05:45,4.96
2026-08-09,06:00,4.96
2026-08-09,06:15,4.93
2026-08-09,06:30,4.87
2026-08-09,06:45,4.54
2026-08-09,07:00,5.0
2026-08-09,07:15,4.55
2026-08-09,07:30,4.39
2026-08-09,07:45,4.29
2026-08-09,08:00,5.0
2026-08-09,08:15,4.99
2026-08-09,08:30,4.99
2026-08-09,08:45,4.9
2026-08-09,09:00,5.0
2026-08-09,09:15,4.59
2026-08-09,09:30,4.01
2026-08-09,09:45,3.78
2026-08-09,10:00,4.56
2026-08-09,10:15,3.45
2026-08-09,10:30,3.38
2026-08-09,10:45,1.47
2026-08-09,11:00,1.39
2026-08-09,11:15,0.93
2026-08-09,11:30,0.8
2026-08-09,11:45,0.7
2026-08-09,12:00,0.77
2026-08-09,12:15,0.67
2026-08-09,12:30,0.57
2026-08-09,12:45,0.5
2026-08-09,13:00,0.07
2026-08-09,13:15,0.01
2026-08-09,13:30,0.01
2026-08-09,13:45,0.0
2026-08-09,14:00,0.0
2026-08-09,14:15,0.0
2026-08-09,14:30,0.0
2026-08-09,14:45,0.0
2026-08-09,15:00,0.0
2026-08-09,15:15,0.0
2026-08-09,15:30,0.0
2026-08-09,15:45,0.01
2026-08-09,16:00,0.0
2026-08-09,16:15,0.01
2026-08-09,16:30,0.01
2026-08-09,16:45,0.04
2026-08-09,17:00,0.01
2026-08-09,17:15,0.64
2026-08-09,17:30,1.0
2026-08-09,17:45,1.9
2026-08-09,18:00,1.93
2026-08-09,18:15,2.2
2026-08-09,18:30,3.49
2026-08-09,18:45,4.99
2026-08-09,19:00,4.09
2026-08-09,19:15,5.0
2026-08-09,19:30,149.99
2026-08-09,19:45,176.48
2026-08-09,20:00,13.69
2026-08-09,20:15,50.01
2026-08-09,20:30,178.02
2026-08-09,20:45,192.08
2026-08-09,21:00,168.01
2026-08-09,21:15,166.09
2026-08-09,21:30,149.99
2026-08-09,21:45,108.61
2026-08-09,22:00,175.23
2026-08-09,22:15,149.99
2026-08-09,22:30,58.0
2026-08-09,22:45,11.0
2026-08-09,23:00,174.05
2026-08-09,23:15,108.6
2026-08-09,23:30,7.7
2026-08-09,23:45,5.78
2026-08-10,00:00,6.16
2026-08-10,00:15,3.84
2026-08-10,00:30,3.67
2026-08-10,00:45,3.41
2026-08-10,01:00,4.28
2026-08-10,01:15,4.27
2026-08-10,01:30,4.06
2026-08-10,01:45,3.52
2026-08-10,02:00,3.87
2026-08-10,02:15,3.59
2026-08-10,02:30,3.45
2026-08-10,02:45,3.17
2026-08-10,03:00,3.45
2026-08-10,03:15,3.38
2026-08-10,03:30,3.31
2026-08-10,03:45,3.29
2026-08-10,04:00,3.06
2026-08-10,04:15,3.25
2026-08-10,04:30,3.23
2026-08-10,04:45,3.36
2026-08-10,05:00,3.29
2026-08-10,05:15,3.44
2026-08-10,05:30,3.7
2026-08-10,05:45,4.7
2026-08-10,06:00,4.93
2026-08-10,06:15,5.82
2026-08-10,06:30,6.62
2026-08-10,06:45,6.72
2026-08-10,07:00,6.95
2026-08-10,07:15,7.76
2026-08-10,07:30,9.06
2026-08-10,07:45,9.89
2026-08-10,08:00,9.36
2026-08-10,08:15,11.08
2026-08-10,08:30,11.57
2026-08-10,08:45,12.3
2026-08-10,09:00,13.08
2026-08-10,09:15,12.23
2026-08-10,09:30,12.05
2026-08-10,09:45,10.67
2026-08-10,10:00,10.0
2026-08-10,10:15,9.62
2026-08-10,10:30,8.02
2026-08-10,10:45,7.57
2026-08-10,11:00,8.0
2026-08-10,11:15,6.83
2026-08-10,11:30,6.74
2026-08-10,11:45,6.71
2026-08-10,12:00,7.0
2026-08-10,12:15,6.81
2026-08-10,12:30,6.66
2026-08-10,12:45,6.17
2026-08-10,13:00,6.94
2026-08-10,13:15,7.33
2026-08-10,13:30,6.84
2026-08-10,13:45,7.0
2026-08-10,14:00,6.96
2026-08-10,14:15,6.96
2026-08-10,14:30,6.95
2026-08-10,14:45,7.03
2026-08-10,15:00,6.96
2026-08-10,15:15,6.95
2026-08-10,15:30,6.99
2026-08-10,15:45,7.64
2026-08-10,16:00,6.95
2026-08-10,16:15,7.57
2026-08-10,16:30,8.27
2026-08-10,16:45,10.02
2026-08-10,17:00,6.95
2026-08-10,17:15,8.49
2026-08-10,17:30,10.03
2026-08-10,17:45,14.74
2026-08-10,18:00,20.0
2026-08-10,18:15,87.28
2026-08-10,18:30,20.52
2026-08-10,18:45,99.97
2026-08-10,19:00,104.06
2026-08-10,19:15,17.37
2026-08-10,19:30,33.03
2026-08-10,19:45,129.02
2026-08-10,20:00,45.0
2026-08-10,20:15,19.62
2026-08-10,20:30,95.56
2026-08-10,20:45,79.82
2026-08-10,21:00,50.0
2026-08-10,21:15,63.93
2026-08-10,21:30,55.0
2026-08-10,21:45,71.06
2026-08-10,22:00,50.01
2026-08-10,22:15,50.0
2026-08-10,22:30,133.34
2026-08-10,22:45,31.52
2026-08-10,23:00,99.96
2026-08-10,23:15,59.93
2026-08-10,23:30,24.02
2026-08-10,23:45,100.82
2026-08-11,00:00,35.82
2026-08-11,00:15,21.19
2026-08-11,00:30,7.79
2026-08-11,00:45,6.19
2026-08-11,01:00,9.99
2026-08-11,01:15,7.73
2026-08-11,01:30,6.17
2026-08-11,01:45,6.13
2026-08-11,02:00,5.78
2026-08-11,02:15,4.03
2026-08-11,02:30,3.67
2026-08-11,02:45,3.28
2026-08-11,03:00,3.76
